feature	candidate_pair	control_detection_type	control_dump_psms	treated_detection_type	treated_dump_psms	log2_control_over_treated
ADSGRYQLR[+471.1504]	P905_906	MBR	0.0	MSMS	2.0	0.035266229418964345
ADSGRYQLR[+471.1504]	P907_908	MSMS	1.0	MSMSAmbiguousPeakfinding	1.0	
ADSGRYQLR[+471.1504]	P909_910	MBR	0.0	MBR	0.0	0.03588508136271625
AQCPIVER[+471.1504]	P905_906	MBR	0.0	MSMS	1.0	-0.10925186663741396
AQCPIVER[+471.1504]	P907_908	MBR	0.0	MSMS	1.0	0.479722110079614
AQCPIVER[+471.1504]	P909_910	MBR	0.0	MSMS	3.0	0.8880942335779963
DGFSESYGSRR[+471.1504]	P907_908	MBR	0.0	MSMS	1.0	-0.10873088097042806
DGFSESYGSRR[+471.1504]	P909_910	MSMS	1.0	MBR	0.0	0.8076641000679073
EWAKSMTSVLEPVLDLTYPVTSMFTGSAFNR[+471.1504]	P905_906	MBR	0.0	MSMS	1.0	0.6507119422534741
EWAKSMTSVLEPVLDLTYPVTSMFTGSAFNR[+471.1504]	P907_908	MSMS	1.0	MSMS	1.0	0.5055043126836378
EWAKSMTSVLEPVLDLTYPVTSMFTGSAFNR[+471.1504]	P909_910	MBR	0.0	NotDetected	0.0	
EWKLWEPLVEEPPADQWK[+471.1504]	P909_910	MSMS	2.0	NotDetected	0.0	
GIQVSNNGPCLGSR[+471.1504]	P905_906	MBR	0.0	MBR	0.0	1.0139884208468688
GNWGHLDQVAALR[+471.1504]	P907_908	MSMSIdentifiedButNotQuantified	1.0	MSMSIdentifiedButNotQuantified	1.0	
GTEVYPMLGSVLR[+471.1504]	P905_906	MBR	0.0	MSMS	1.0	-0.34806170511885304
GTLKGHNGWVTQIATTPQFPDMILSASR[+471.1504]	P941_942	MSMS	1.0	MSMS	1.0	-0.5489969656337738
KFSLDDLLTNVMLYWTTGTIISSQR[+942.3008]	P907_908	MSMS	1.0	NotDetected	0.0	
KPLLCTK[+471.1504]	P909_910	MBR	0.0	NotDetected	0.0	
KPLLCTK[+471.1504]	P941_942	MSMS	1.0	MSMS	2.0	0.562227918914113
LKLWEFFQVDVNK[+471.1504]	P941_942	MSMS	2.0	MSMSIdentifiedButNotQuantified	1.0	
LPECEADDGCPKPPEIAHGYVEHSVR[+528.171864]	P907_908	MSMSIdentifiedButNotQuantified	2.0	MSMS	6.0	
LYTLNDK[+471.1504]	P905_906	MBR	0.0	MSMS	1.0	0.17664439453357264
LYTLNDK[+471.1504]	P907_908	MBR	0.0	MSMS	1.0	0.4429608754049879
LYTLNDK[+471.1504]	P909_910	MBR	0.0	MBR	0.0	0.7727925798323698
MKVYVPTGFSAFPFELLHTPEK[+487.14529999999996]	P941_942	MSMSIdentifiedButNotQuantified	1.0	MSMSIdentifiedButNotQuantified	1.0	
NCVPMEFEEYLLRMFQQTFYLLQK[+544.166764]	P905_906	MSMS	1.0	MBR	0.0	-0.9920574531636291
NCVPMEFEEYLLRMFQQTFYLLQK[+544.166764]	P907_908	MSMSIdentifiedButNotQuantified	1.0	NotDetected	0.0	
NYLEDSLLK[+471.1504]	P941_942	MSMSIdentifiedButNotQuantified	1.0	MSMSIdentifiedButNotQuantified	1.0	
QCEINYVK[+471.1504]	P905_906	MSMS	2.0	NotDetected	0.0	
QCEINYVK[+471.1504]	P907_908	MSMSIdentifiedButNotQuantified	2.0	NotDetected	0.0	
QYSDMPPLTLEGIQDR[+487.14529999999996]	P941_942	MSMSIdentifiedButNotQuantified	2.0	MSMSIdentifiedButNotQuantified	2.0	
SGVYQHVTGEMMGGHAIR[+471.1504]	P905_906	MSMSIdentifiedButNotQuantified	1.0	NotDetected	0.0	
TSAVPSPCGK[+471.1504]	P905_906	MBR	0.0	MBR	0.0	-0.7067039467136635
TSAVPSPCGK[+471.1504]	P909_910	MBR	0.0	MBR	0.0	-2.879046020957887
YLGLPGSLK[+471.1504]	P907_908	MSMSIdentifiedButNotQuantified	1.0	NotDetected	0.0	
YYVTIIDAPGHR[+471.1504]	P941_942	MSMSIdentifiedButNotQuantified	1.0	NotDetected	0.0	
