protein_group	accession	entry	n_base_sequences	AZ905_oxidation_index	AZ907_oxidation_index	AZ909_oxidation_index	AZ906_oxidation_index	AZ908_oxidation_index	AZ910_oxidation_index	AZ941_oxidation_index	AZ942_oxidation_index	log2_ratio_P905_906	log2_ratio_P907_908	log2_ratio_P909_910	log2_ratio_P941_942	mean_log2_ratio	ci_low	ci_high	t	p	q
psvid_39450_sp|O14975|S27A2_HUMAN	O14975	S27A2_HUMAN	1	0.031338540043907896	0.021104099118455365	0.024006557809757703	0.05391791003467854	0.04153619561582557	0.0395357973546591	0.03817462846969662	0.042653414445155635	0.782826604760988	0.9768458373325871	0.7197309641256433	0.16004711901232965	0.6598626313078871	0.24620948892033312	1.073515773695441	4.145957638189283	0.009654410698478083	0.4468160147981106
psvid_33371_sp|P23284|PPIB_HUMAN	P23284	PPIB_HUMAN	1	0.01878316990107487	0.01903064516428693	0.02284052911473746	0.02016249521334388	0.02505672500135059	0.029684519138510165	0.013035869458742078	0.016377322044346984	0.10223363403014941	0.3968733901339585	0.37811467098819485	0.32921266230625323	0.30160858936463897	0.05392123623974546	0.5492959424895325	3.1648091603782267	0.026226255150160725	0.4468160147981106
psvid_36713_sp|P15880|RS2_HUMAN	P15880	RS2_HUMAN	1	0.0512168446058421	0.05592283609631533	0.06449534117563621	0.06144304194646392	0.07554388954196299	0.07008536686465536	0.08640178704117199	0.11251365347853666	0.26263126998251674	0.4338775379264604	0.11991830399372243	0.38096702547034467	0.29934853434326103	0.049646939045426025	0.549050129641096	3.115756235217783	0.02767978366634329	0.4468160147981106
psvid_58442_sp|P20813|CP2B6_HUMAN	P20813	CP2B6_HUMAN	3	0.024037722419504023	0.029683393112552373	0.035723773498945684	0.025987401643228804	0.03844573788015535	0.04946501694528429	0.009709725297079167	0.01921381641031395	0.11251218600939945	0.37316765288449727	0.46952409095400943	0.9846417224332206	0.4849614130702817	0.05792710446790911	0.9119957216726542	2.951563083639519	0.033250078629291406	0.4468160147981106
psvid_41130_sp|P11712|CP2C9_HUMAN	P11712	CP2C9_HUMAN	2	0.030519107252404434	0.034633619758368116	0.03904829574485729	0.02442924135973034	0.02810511062102846	0.03479655269504298	0.03619008769984581	0.03198929549480807	-0.32110369896182006	-0.3013406864174845	-0.16631519868040742	-0.17800538370587957	-0.2416912419413979	-0.46260672019093674	-0.020775763691859073	-2.8434292172058084	0.03760532414089921	0.4468160147981106
psvid_67259_sp|A1L0T0|HACL2_HUMAN	A1L0T0	HACL2_HUMAN	1	0.03704958483038625	0.06324851309506606	0.08433582972109778	0.05134314579134546	0.06718025982452808	0.09979601868713092	0.07339327970424618	0.09076964632673648	0.47071431636280736	0.08700581132357103	0.2428365768060125	0.30656196816085707	0.276779668163312	0.015192171542887323	0.5383671647837367	2.749950372195833	0.04188900138732287	0.4468160147981106
psvid_69415_sp|Q8NBS9|TXND5_HUMAN	Q8NBS9	TXND5_HUMAN	1	0.7902048733428659	0.638549428646679	0.5286682433973736	0.8111959707264614	0.7760449471010832	0.6272734752714839	0.6798088446470681	0.8302240753749079	0.03782374266434638	0.2813419131203994	0.24673189050701172	0.28837163657938697	0.2135672957177861	-0.024561338716956843	0.45169593015252907	2.3309383148687854	0.06902155676157948	0.5947571138958905
psvid_20925_sp|P62805|H4_HUMAN	P62805	H4_HUMAN	1	0.7468449473754104	0.7100981583112104	0.6413571465379215	0.5726121633329029	0.16775906625836137	0.13349968151930844	0.10253946628912267	0.12643285308505597	-0.38325043975177175	-2.081627728494276	-2.2642916604845977	0.3021920971843784	-1.1067444328865668	-2.4189066194867364	0.20541775371360282	-2.192135935569157	0.08185889581685277	0.5947571138958905
psvid_60920_sp|P39023|RL3_HUMAN	P39023	RL3_HUMAN	1	0.04772652250625589	0.0280255504184186	0.05160027499976608	0.055951118451482755	0.03248755034306431	0.24415236560687859	0.07701370777156215	0.12299240028231877	0.2293757494228345	0.21314425665030856	2.242331096885818	0.6753820130177924	0.8400582789941884	-0.16387258377796754	1.8439891417663443	2.174769654371334	0.0836377191416096	0.5947571138958905
psvid_44001_sp|P06576|ATPB_HUMAN	P06576	ATPB_HUMAN	4	0.020385883154143095	0.02379982075557607	0.03113278927028793	0.03429225145690005	0.02617488880088931	0.03406943022794685	0.05431799020146375	0.05821207284680196	0.750312169093027	0.13723269999511362	0.13004298269519005	0.09988829078166503	0.27936903564124893	-0.1023792155581087	0.6611172868406066	1.9019927891775026	0.11767522991137497	0.6575416182398145
psvid_19780_sp|P61247|RS3A_HUMAN	P61247	RS3A_HUMAN	1	0.02551963541753889	0.019230468809931484	0.020706317358554813	0.02710328965628276	0.024057189007752215	0.04081571574577204	0.12247113962273422	0.12283547388855658	0.08686025062193649	0.32307414501714254	0.9790537652157066	0.004285441941345084	0.3483184006990327	-0.1484551416108862	0.8450919430089516	1.8223240788003605	0.130150762810145	0.6575416182398145
psvid_88591_sp|P20645|MPRD_HUMAN	P20645	MPRD_HUMAN	1	0.10751972494993325	0.1242987103996989	0.13691780693030153	0.13720880507363156	0.722541328215128	0.16883881609161105	0.23993470840575307	0.2606485918130065	0.35177171364218485	2.5392687813425616	0.3023365287789856	0.11946419592232135	0.8282103049215133	-0.3629575318295495	2.019378141672576	1.8070714528914824	0.1326907986586346	0.6575416182398145
psvid_28028_sp|P13667|PDIA4_HUMAN	P13667	PDIA4_HUMAN	1	0.009722320399134792	0.01729863353669999	0.015998086810845163	0.011925847056199274	0.01017166365677108	0.011108271803045177	0.01736429698741952	0.013319835688318415	0.29471915600960724	-0.766102417409711	-0.5262650021929473	-0.38254771718449376	-0.3450489951943862	-0.8542283125818646	0.16413032219309215	-1.761236455303388	0.14063385447748256	0.6575416182398145
psvid_60577_sp|P60468|SC61B_HUMAN	P60468	SC61B_HUMAN	1	0.06955984517022398	0.08180916469570251	0.10436684627065038	0.05673783274497379	0.08837337301717703	0.03660991194809835	0.05610205818837857	0.046280565580989766	-0.2939436774009964	0.11134927912093127	-1.5113572816005527	-0.27764720394327463	-0.4928997209559731	-1.2431756067948796	0.25737616488293347	-1.7074391598799876	0.1505778720304475	0.6575416182398145
psvid_33235_sp|P07237|PDIA1_HUMAN	P07237	PDIA1_HUMAN	2	0.02425425431432823	0.01978610650162885	0.02315936126274998	0.022935160090549668	0.01773910139223236	0.021469809380129292	0.017337003204739826	0.0150478518568692	-0.0806768475688242	-0.15755481859323786	-0.10928608194355849	-0.2042969914332823	-0.1379536848847257	-0.350211401290184	0.07430403152073264	-1.689185993182484	0.1541113167749565	0.6575416182398145
psvid_73637_sp|P37059|DHB2_HUMAN	P37059	DHB2_HUMAN	1	0.056452937905079215	0.13367629270680634	0.21674363402051586	0.042517069646973646	0.14370343960839801	0.2122795392784947	0.05329394258548015	0.03470245434654059	-0.40900649605457	0.10435096550184837	-0.030024297950367252	-0.6189338632460442	-0.23840342293728328	-0.6373292997859545	0.16052245391138792	-1.5532019673751063	0.18318584817811912	0.6841978565565021
psvid_68886_sp|P33121|ACSL1_HUMAN	P33121	ACSL1_HUMAN	3	0.11146322715832184	0.17622243996414128	0.21773256315614672	0.09438250949760826	0.17528485328743262	0.20796141705710902	0.07357180956572967	0.06257827860041237	-0.23997639268987905	-0.007696311756595281	-0.06624129605173402	-0.23349110263910683	-0.1368512757843288	-0.3745871312863083	0.10088457971765066	-1.4961041128114152	0.1969540832536574	0.6841978565565021
psvid_53465_sp|Q9Y4L1|HYOU1_HUMAN	Q9Y4L1	HYOU1_HUMAN	2	0.025064211997580108	0.02794922617482936	0.028072787161356045	0.024722972186078683	0.029461657771170605	0.03323548336482272	0.03322263838807508	0.040141693832673415	-0.01977668354144386	0.07603027134483782	0.24355202947231155	0.2729348444309996	0.14318511542667628	-0.10628635248526577	0.3926565833386183	1.4917108381640427	0.19805435357582132	0.6841978565565021
psvid_70839_sp|P05141|ADT2_HUMAN	P05141	ADT2_HUMAN	1	0.0485197945043811	0.024054992976080318	0.07727466138753947	0.04985370412958852	0.07080644243863915	0.0710856118652881	0.05967700371810796	0.0748112421246137	0.03912726059622687	1.5575442540595428	-0.12043784764385913	0.3260799826795751	0.4505784124228714	-0.3554630854574485	1.2566199103031912	1.4528495150209848	0.20805001649680865	0.6841978565565021
psvid_415045_sp|Q96HR9|REEP6_HUMAN	Q96HR9	REEP6_HUMAN	1	0.051383632329722706	0.12269428357113231	0.13313514093563927	0.055499881036521266	0.12016088178734549	0.15714683319866918	0.06078848461648638	0.06957231600709604	0.11117580052395834	-0.030100729141263674	0.23922177948650006	0.19471529308791696	0.12875303598927793	-0.10931904522957422	0.36682511720813005	1.4055835427728365	0.220863328824026	0.6841978565565021
psvid_50981_sp|Q15041|AR6P1_HUMAN	Q15041	AR6P1_HUMAN	1	0.01789689288819627	0.1257478298642536	0.16333995603641915	0.04876546927364071	0.12133200909731433	0.1669823348400356	0.05054163922489663	0.05699783237329068	1.4461507996299494	-0.05157329845211464	0.03181774270021644	0.1734345984542871	0.39995746058308457	-0.34960662795055797	1.1495215491167272	1.3867963327800321	0.22616289619270197	0.6841978565565021
psvid_87928_sp|Q7Z5P4|DHB13_HUMAN	Q7Z5P4	DHB13_HUMAN	1	0.02974325376509752	0.033148947880146155	0.005897279390652218	0.025191543607104166	0.04967608291405775	0.05383212892334047	0.03096830983039678	0.028951081815846526	-0.23962295408898707	0.5835883367249411	3.190346031101578	-0.09717538818171703	0.8592840063889537	-0.7880160058834405	2.506584018661348	1.3557252366965338	0.2351930131912976	0.6841978565565021
psvid_23937_sp|Q9NZ01|TECR_HUMAN	Q9NZ01	TECR_HUMAN	1	0.08295883373994421	0.14155982678346257	0.2580680053118342	0.08095162834205913	0.1537386683247417	0.2594752369534675	0.09325789214443025	0.12996231447767206	-0.03533551182459536	0.11906817553626702	0.007845570952506223	0.4787956149934654	0.14259346241441082	-0.17227186290504096	0.4574587877338626	1.1770161769210923	0.29397679712827995	0.7049587103322026
psvid_56092_sp|P40939|ECHA_HUMAN	P40939	ECHA_HUMAN	3	0.13469316359264247	0.11732151493415666	0.23286507218783645	0.13627830781242178	0.08564455288291413	0.212703912761704	0.12048097677499399	0.12212344245349505	0.016879310430334804	-0.45403420852021903	-0.13064769117766573	0.019534790839781765	-0.13706694960694207	-0.44367038612413023	0.16953648691024606	-1.1618856372403288	0.29952043639235104	0.7049587103322026
psvid_24407_sp|CATD_HUMAN|		CATD_HUMAN	1	0.08735742958827712	0.11695412100253294	0.19805589702486573	0.0513392288430622	0.07819798870582251	0.08398793174917779	0.08422622432136212	0.15521817517304795	-0.7668687812883336	-0.5807392912434888	-1.237653710857268	0.8819560990895292	-0.4258264210748903	-1.3852241872415476	0.533571345091767	-1.1535636304838592	0.30260897371851736	0.7049587103322026
psvid_56562_sp|P11021|BIP_HUMAN	P11021	BIP_HUMAN	1	0.012562680777974154	0.01139131213989127	0.01639780166787767	0.012849977636804474	0.014057375658683176	0.015009529328844494	0.021647737922318715	0.027223093763981025	0.03262149171939653	0.3033933484560857	-0.12762367892895002	0.33061475240870547	0.1347514784138094	-0.17033015865352263	0.43983311548114146	1.147955687900015	0.3047061302956903	0.7049587103322026
psvid_78505_sp|P27797|CALR_HUMAN	P27797	CALR_HUMAN	2	0.03418124709952063	0.0332804605325305	0.04109302918363822	0.04189895915458851	0.031377761811706824	0.03815580207700971	0.05634767779556464	0.08579330054351822	0.2937093706689099	-0.08493294956141052	-0.10699122912885203	0.6065088392875803	0.1770735078165569	-0.2273199698865329	0.5814669855196467	1.13803888632969	0.30844609414923074	0.7049587103322026
psvid_46419_sp|P27824|CALX_HUMAN	P27824	CALX_HUMAN	1	0.0185371058584186	0.019301485523651987	0.026272878206046187	0.02046947755769668	0.025229317022229386	0.028323551098768905	0.03562723782692413	0.03261089524760705	0.14305826295247143	0.38638926427976494	0.10842789931744254	-0.12762658884746264	0.12756220942555407	-0.1697591882552446	0.42488360710635276	1.1150735665476086	0.31726254941338117	0.7049587103322026
psvid_381874_sp|O75396|SC22B_HUMAN	O75396	SC22B_HUMAN	1	0.04326080034443534	0.03712684103651628	0.04333136459493429	0.0321346977202055	0.03195471226211625	0.048288670096408706	0.05247582707230948	0.05011502902038851	-0.4289284545459081	-0.2164338710734018	0.15627306043461722	-0.06640968121140654	-0.13887473659902483	-0.4641887501128014	0.18643927691475176	-1.1095021040696031	0.3194344156192793	0.7049587103322026
psvid_110282_sp|P00403|COX2_HUMAN	P00403	COX2_HUMAN	1	0.02104819215732304	0.029323350586134615	0.02787369669134421	0.029730846645018027	0.025792433282417936	0.1775581494581081	0.011387415157969885	0.007479938227557872	0.49826422282880883	-0.18510207539559767	2.6713153231479967	-0.606342044357299	0.5945338565559772	-0.9129547636115776	2.102022476723532	1.0250149564978601	0.35397755089522914	0.7551521085764888
psvid_72482_sp|P31513|FMO3_HUMAN	P31513	FMO3_HUMAN	2	0.032065603483670935	0.03307988546402078	0.04218997729053535	0.04748456184005069	0.03172237394810435	0.047161065611845826	0.03424136084921287	0.03199671427840717	0.566431981938195	-0.06045349996398973	0.16069600560931882	-0.09781627637698101	0.14221455280163578	-0.23141918670660186	0.5158482923098734	0.9892489707684686	0.3695271874082902	0.7628948385203411
psvid_102189_sp|Q9HCN8|SDF2L_HUMAN	Q9HCN8	SDF2L_HUMAN	1	0.4284571027959049	0.3014888930977532	0.2840072081088593	0.4769396638979212	0.2999001433755471	0.2640585771963117	0.5230783731682441	0.3531936480387131	0.15465599839249222	-0.007622642045928917	-0.10506954178486481	-0.566567725316639	-0.13115097768873513	-0.5086164286292296	0.2463144732517593	-0.9030295850979305	0.40933339229545235	0.7966987784986821
psvid_24290_sp|P14625|ENPL_HUMAN	P14625	ENPL_HUMAN	4	0.013829391701804451	0.017531662284729254	0.01784991532653689	0.013024990633685866	0.014951215305364071	0.017396371523991573	0.01865938086650442	0.01904494606194917	-0.08645536459153678	-0.22970003511937903	-0.03713080562735214	0.029507084801154968	-0.08094478013427825	-0.3146989594201982	0.15280939915164168	-0.899988825322726	0.410797807663383	0.7966987784986821
psvid_9975_sp|P62244|RS15A_HUMAN	P62244	RS15A_HUMAN	1	0.02485441390815739	0.034974041052749455	0.03611481249700618	0.026916543648939535	0.030103916680818778	0.04411952675438492	0.053696665095599644	0.06260755846662959	0.11499108199997692	-0.21633329937419116	0.2888266358952146	0.22150435047302577	0.10224719224850654	-0.2054714144554199	0.40996579895243296	0.8635853916814646	0.4286520832422605	0.8068745096324904
psvid_68778_sp|P30101|PDIA3_HUMAN	P30101	PDIA3_HUMAN	1	0.009968070584292919	0.008746136576334333	0.009626443710307332	0.009200064050255034	0.012138564959422086	0.01537846067364039	0.008555941697389536	0.006657256567466931	-0.11567037902257706	0.4728800916743671	0.6758362742659944	-0.36199888150308585	0.16776177635367462	-0.3719156494657736	0.7074392021731228	0.8079163876343356	0.4571090873201118	0.8358566168139188
psvid_67434_sp|P49326|FMO5_HUMAN	P49326	FMO5_HUMAN	1	0.023589013694706052	0.029166272547983922	0.02988089984132834	0.01867260545987378	0.034407126414523266	0.039949370300591834	0.023042762858339526	0.024213071146052225	-0.3371918514318882	0.23840638584116747	0.4189491684619366	0.07147237177269745	0.09790901866097833	-0.2912479660319011	0.4870660033538578	0.653891243579605	0.5430602020444085	0.9581218144827859
psvid_60158_sp|P16435|NCPR_HUMAN	P16435	NCPR_HUMAN	3	0.024332342642271656	0.02383268572975028	0.024800175109386015	0.020043713819502762	0.02799351908704324	0.030575321664679835	0.026303755031585663	0.027681648878452682	-0.2797253806646046	0.2321513211559775	0.3020173693172445	0.07366111246944172	0.08202610556951478	-0.25354113774422016	0.4175933488832497	0.635301946707321	0.5541355612117587	0.9581218144827859
psvid_92466_sp|Q8NBX0|SCPDL_HUMAN	Q8NBX0	SCPDL_HUMAN	1	0.4171183121393013	0.7004697293762958	0.8853044073285549	0.37994761955673106	0.7370635877314358	0.8272931372841579	0.37377570954039147	0.5265690283284912	-0.13465611111779374	0.07346638214981359	-0.09777498921647391	0.4944498515201115	0.08387128333391436	-0.2756496373639764	0.4433922040318051	0.6063128529183759	0.5716990939793637	0.9581218144827859
psvid_48182_sp|O14756|H17B6_HUMAN	O14756	H17B6_HUMAN	1	0.02148597719315608	0.01792439437918599	0.025705521033098953	0.02164902569363866	0.021698173491532097	0.029471542404303462	0.018249020824125255	0.015601014216977058	0.010906705351225133	0.2756492299583433	0.19724431161425082	-0.22617923503475862	0.06440525297226515	-0.24267656053404943	0.37148706647857976	0.5450983248057537	0.6099260689892192	0.9581218144827859
psvid_37478_sp|P05181|CP2E1_HUMAN	P05181	CP2E1_HUMAN	2	0.027669762980916158	0.028801912667126346	0.0333586892953536	0.026516910550923613	0.03118522344554751	0.0242642848334634	0.017786951243151623	0.01936076113643645	-0.06139758707031891	0.11469797519703014	-0.4592282659273348	0.1223164229952908	-0.0709028637013332	-0.4171492042534614	0.275343476850795	-0.5322139305374936	0.6181633559424168	0.9581218144827859
psvid_97758_sp|P10620|MGST1_HUMAN	P10620	MGST1_HUMAN	1	0.025749509324916202	0.1343638783811753	0.23983559402931715	0.02295409381187145	0.14579953512317317	0.19780243710703285	0.013353057072983954	0.014310237858288336	-0.1657934629283898	0.11784077535546787	-0.27798558365646536	0.09987757915322915	-0.056515173019039536	-0.3437344478511895	0.23070410181311046	-0.5113981278687639	0.6316076036350082	0.9581218144827859
psvid_39274_sp|Q9Y2P5|S27A5_HUMAN	Q9Y2P5	S27A5_HUMAN	5	0.07644664433131873	0.12494670048994301	0.19712102818806082	0.06416157538008985	0.1371978712659932	0.19243027738862048	0.03631764231011379	0.048115606579267424	-0.252743609871662	0.13494529293574162	-0.03474587262705435	0.4058343685518986	0.06332254474723097	-0.2875888971467195	0.41423398664118144	0.4689952930907107	0.659499820944552	0.9581218144827859
psvid_60951_sp|Q9BPW8|NIPS1_HUMAN	Q9BPW8	NIPS1_HUMAN	1	0.07015157713946285	0.049434666928281405	0.1017373162736871	0.08629325043579056	0.01954517158352829	0.10062123910620065	0.18176705485945235	0.25519196659471094	0.2987721824144442	-1.3387108621075312	-0.01591408199714448	0.48949217814486895	-0.1415901458863406	-1.0113115626697233	0.728131270897042	-0.42311704235840625	0.6904063699425171	0.9581218144827859
psvid_151851_sp|P56378|ATP68_HUMAN	P56378	ATP68_HUMAN	1	0.08576896212750965	0.279428608375269	0.28451410905368146	0.06628424845482192	0.3319115315302306	0.268894417147855	0.050978227674036244	0.05175412411391281	-0.37178958872148593	0.24831901965092062	-0.08146039561609433	0.021792613741346747	-0.04578458773632822	-0.3796512471589733	0.2880820716863169	-0.35641330658327247	0.7365864005245315	0.9581218144827859
psvid_27087_sp|P10632|CP2C8_HUMAN	P10632	CP2C8_HUMAN	2	0.08755160745894408	0.16870621896809695	0.22126406554796763	0.07591457540491464	0.19090831510898776	0.268844068262181	0.08019462742022307	0.05785945803225623	-0.20575676096677878	0.17836678517650592	0.281000471669629	-0.47095277797870316	-0.05433557052483676	-0.46548502819899984	0.3568138871493264	-0.3434726520840988	0.7457031076145428	0.9581218144827859
psvid_33457_sp|P23141|EST1_HUMAN	P23141	EST1_HUMAN	3	0.028864654358578927	0.028763323778190988	0.02248165927699653	0.026859369734427298	0.02847195907575308	0.01848346373507264	0.02499246505959929	0.029597172892203292	-0.10387849805505325	-0.014688633356159959	-0.28251338077388777	0.24396617239455334	-0.03927858494763691	-0.34326526190922185	0.264708092013948	-0.3358218403262323	0.751115728937547	0.9581218144827859
psvid_50866_sp|P00738|HPT_HUMAN	P00738	HPT_HUMAN	1	0.023247260424022337	0.01855567767689936	0.020383232771801006	0.022793450957900363	0.018331759393679654	0.017113512685361165	0.022882967532236682	0.03224346029136484	-0.028441344649297744	-0.017515435630513988	-0.2522469655336623	0.49473242147771734	0.049132168916060814	-0.33414742181051627	0.4324117596426379	0.33316386822501637	0.752999991529887	0.9581218144827859
psvid_16258_sp|P11142|HSP7C_HUMAN	P11142	HSP7C_HUMAN	2	0.0697363564292762	0.04633052144341166	0.06716141714814197	0.06970695199702598	0.04306892435319092	0.06392373280094675	0.08698220783323588	0.09113430329702203	-0.0006084426667018976	-0.10531562708262446	-0.07128101604013257	0.06727386353693574	-0.027482805563130798	-0.24686823769599375	0.19190262656973217	-0.3255824097930509	0.7583853424014779	0.9581218144827859
psvid_79974_sp|Q9UHG3|PCYOX_HUMAN	Q9UHG3	PCYOX_HUMAN	1	0.23331331716165732	0.34546836890730703	0.5799658753760031	0.20686438806780094	0.4161032609729025	0.5688536559467502	0.14717831293390876	0.15460718611419522	-0.17358335143043	0.268387971264154	-0.02791046536759002	0.07104227443488986	0.03448410722525595	-0.2449410109217247	0.31390922537223664	0.32074596177219666	0.7618290605001127	0.9581218144827859
psvid_160990_sp|P16662|UD2B7_HUMAN	P16662	UD2B7_HUMAN	1	0.08527753676558643	0.3328562116898514	0.39596376719367055	0.10130253020316368	0.32983722328789944	0.47029663510317	0.06474829721462384	0.03920539657331025	0.24843253666623552	-0.013144870606515474	0.2482025879635834	-0.7237899993726385	-0.06007493633733377	-0.5733957123306592	0.45324583965599174	-0.304167025527676	0.7736813114052153	0.9581218144827859
psvid_69811_sp|Q00325|S25A3_HUMAN	Q00325	S25A3_HUMAN	1	0.20640379869049486	0.8172999595775393	0.8609561310235577	0.1761258987424054	0.8563565076367221	0.8665574694485153	0.11118588652666622	0.1141986128374668	-0.22886245421288243	0.06734586328464187	0.00935570230591523	0.03857145650800926	-0.02839735802857902	-0.27595905043600705	0.219164334378849	-0.29812757510355453	0.778016722532674	0.9581218144827859
psvid_98716_sp|P21549|AGT1_HUMAN	P21549	AGT1_HUMAN	1	0.08884492041003632	0.13132478703120673	0.10106117873361227	0.10913912090358613	0.08757339009862841	0.0824739731772094	0.1461152564029757	0.1867154254396897	0.29680712865782477	-0.5845747782166082	-0.2932180960541794	0.3537342974904623	-0.05681286203062512	-0.568454761666539	0.45482903760528876	-0.2885946122302675	0.7848787341553106	0.9581218144827859
psvid_54083_sp|P08684|CP3A4_HUMAN	P08684	CP3A4_HUMAN	4	0.07157220446417613	0.07967673334150525	0.06624515408349824	0.06685009114295612	0.10393175702083009	0.06347541697036652	0.0512059383790157	0.04771363534323255	-0.09846988887764979	0.3834061415886337	-0.06161695648708533	-0.10190951931809417	0.0303524442264511	-0.28661409151382117	0.3473189799667234	0.2488788034608048	0.8137010365776157	0.9581218144827859
psvid_74158_sp|P53007|TXTP_HUMAN	P53007	TXTP_HUMAN	1	0.06774795932384928	0.3142347652500939	0.4106944479815227	0.07612131446908385	0.2418498684902414	0.26607895506052787	0.044060216861074565	0.06872930578125287	0.16812298354832417	-0.37773104821304904	-0.6262110361873343	0.6414487912171812	-0.0485925774087195	-0.6648490222322269	0.5676638674147879	-0.20493498989588668	0.8459875542258817	0.9581218144827859
psvid_26304_sp|Q6DD88|ATLA3_HUMAN	Q6DD88	ATLA3_HUMAN	1	0.21175023674678367	0.1780380644127972	0.060076394892666085	0.43697286430044185	0.07258265956900102	0.05947911938357705	0.14159912146846867	0.21252732441420485	1.045180109626807	-1.2944888953185902	-0.014414953404604962	0.5858360245034739	0.08052807135177142	-0.9787355637921452	1.139791706495688	0.19758359744765397	0.8514248375057514	0.9581218144827859
psvid_30111_sp|P78329|CP4F2_HUMAN	P78329	CP4F2_HUMAN	1	0.027230814108445932	0.02742431618483796	0.032623364155511675	0.020099213487300992	0.03495697207912939	0.032223282070942466	0.02740669809826189	0.027259673712610646	-0.4381010670222078	0.35012457814333847	-0.017802116122520147	-0.007760231984248456	-0.02838470924640948	-0.41702692108391604	0.3602575025910971	-0.1898200723186636	0.8571772156012819	0.9581218144827859
psvid_58581_sp|Q9UNU6|CP8B1_HUMAN	Q9UNU6	CP8B1_HUMAN	1	0.1866418011904574	0.2919768307850097	0.4640597136752097	0.17341905802959348	0.3652864855570304	0.4503844280499922	0.10965843958250196	0.09098072131047427	-0.10600968183269004	0.3231744879615847	-0.04315351115014661	-0.26938407191700303	-0.02384319423456374	-0.3520100718669694	0.3043236833978419	-0.18883276197946455	0.85790949934391	0.9581218144827859
psvid_46503_sp|P02671|FIBA_HUMAN	P02671	FIBA_HUMAN	1	0.35243980084803495	0.14741130975041183	0.3302956871579887	0.28529082191720295	0.10155579892388984	0.34787354360629696	0.1538317581560832	0.23989618752163064	-0.30494352151231263	-0.5375745945946754	0.07480483190978984	0.6410568556237577	-0.031664107143360126	-0.5974028491750402	0.53407463488832	-0.14546515687490025	0.8902250159253544	0.9581218144827859
psvid_64636_sp|P07099|HYEP_HUMAN	P07099	HYEP_HUMAN	6	0.08257160003652157	0.09728331571032914	0.12483769867726638	0.07470082958579814	0.15891899108375243	0.11302624617050298	0.04065085584305208	0.032447787751013715	-0.14452139653444002	0.7080272332926122	-0.1433958430540212	-0.3251656059487622	0.023736096938847207	-0.4940991030997715	0.541571296977466	0.11913116593195369	0.9099724078237224	0.9581218144827859
psvid_40168_sp|P51572|BAP31_HUMAN	P51572	BAP31_HUMAN	2	0.06632634475304017	0.04538582226777447	0.08188137729092966	0.056687649420178295	0.047520241819141475	0.0950254134093198	0.11741419841009396	0.11702831406821682	-0.2265475727217867	0.06630048233841541	0.21477802705540244	-0.0047492574895955115	0.012445419795608918	-0.2657364004914747	0.29062724008269253	0.11627556524748085	0.912118549960417	0.9581218144827859
psvid_46244_sp|P30040|ERP29_HUMAN	P30040	ERP29_HUMAN	1	0.02471428157838253	0.03203921292250562	0.02770695539638796	0.022339985105912945	0.03326945239755759	0.028901114969482226	0.02439761713841066	0.025633576421911233	-0.14571674528308326	0.054359413371495795	0.060876963508447554	0.07129452909223381	0.010203540172273477	-0.2207507714431545	0.24115785178770147	0.11482394345661559	0.9132098544289053	0.9581218144827859
psvid_37424_sp|P49257|LMAN1_HUMAN	P49257	LMAN1_HUMAN	1	0.9635335315595065	0.8718761089709584	0.9334212274200184	0.9606384042266274	0.8632719096582636	0.9413590694224824	0.9343827486982463	0.9440614778754572	-0.004341388542346039	-0.014308102008738	0.012216848816300642	0.014867173547251011	0.002108632953116904	-0.20318075244190614	0.20739801834813998	0.02669575134265268	0.979771307049797	0.9939028863087647
psvid_18407_sp|Q9H0U4|RAB1B_HUMAN	Q9H0U4	RAB1B_HUMAN	1	0.04512835320116344	0.021407919635543237	0.053706571347901806	0.028920084241173236	0.03294383382044424	0.054260393128160604	0.04448161947102369	0.04417922655879453	-0.6419623787690926	0.6218638523880126	0.01480087817050338	-0.009841152347319634	-0.003784700139474065	-0.5709363662530943	0.5633669659741461	-0.01734362671260895	0.9868567860548773	0.9939028863087647
psvid_44788_sp|P62753|RS6_HUMAN	P62753	RS6_HUMAN	1	0.03195640442779281	0.1143822662013122	0.1602689594044609	0.04640826592003091	0.058651208341667836	0.174591233503386	0.0648624547477867	0.08044889927746883	0.5382766984397593	-0.9636306580572206	0.1234860867891721	0.31068905751147463	0.0022052961707963725	-0.7102089117603997	0.7146195041019924	0.00804529558739181	0.9939028863087647	0.9939028863087647
