quantity	feature	pair	batch	control_sample	raloxifene_sample	control_seq_number	raloxifene_seq_number	control_value	raloxifene_value	difference	difference_kind
lfq_peptide_norm_log2	DFSPSGIFGAFQR[+0.0]	P905_906	B2021-05-06	AZ905	AZ906	34	45	25.47365466927101	25.313592154629156	-0.1600625146418544	difference (log2)
lfq_peptide_norm_log2	DFSPSGIFGAFQR[+0.0]	P907_908	B2021-05-06	AZ907	AZ908	39	47	25.671909412464238	25.45931685812224	-0.21259255434199886	difference (log2)
lfq_peptide_norm_log2	DFSPSGIFGAFQR[+0.0]	P909_910	B2021-05-06	AZ909	AZ910	41	49	24.93290098332729	25.202991560437244	0.2700905771099542	difference (log2)
lfq_peptide_norm_log2	DFSPSGIFGAFQR[+0.0]	P941_942	B2022-03-18	AZ941	AZ942	17	19	24.58244726642039	24.492865101663956	-0.0895821647564361	difference (log2)
lfq_peptide_norm_log2	LGELPSWILMR[+0.0]	P905_906	B2021-05-06	AZ905	AZ906	34	45				difference (log2)
lfq_peptide_norm_log2	LGELPSWILMR[+0.0]	P907_908	B2021-05-06	AZ907	AZ908	39	47				difference (log2)
lfq_peptide_norm_log2	LGELPSWILMR[+0.0]	P909_910	B2021-05-06	AZ909	AZ910	41	49		25.01188589915343		difference (log2)
lfq_peptide_norm_log2	LGELPSWILMR[+0.0]	P941_942	B2022-03-18	AZ941	AZ942	17	19	25.97323021827942			difference (log2)
lfq_peptide_norm_log2	LGELPSWILMR[+15.9949]	P905_906	B2021-05-06	AZ905	AZ906	34	45	23.219007968096694	22.373437964366556	-0.8455700037301384	difference (log2)
lfq_peptide_norm_log2	LGELPSWILMR[+15.9949]	P907_908	B2021-05-06	AZ907	AZ908	39	47	25.01441169187703	24.367474717191662	-0.6469369746853673	difference (log2)
lfq_peptide_norm_log2	LGELPSWILMR[+15.9949]	P909_910	B2021-05-06	AZ909	AZ910	41	49	24.904392981877983	24.08775436683527	-0.816638615042713	difference (log2)
lfq_peptide_norm_log2	LGELPSWILMR[+15.9949]	P941_942	B2022-03-18	AZ941	AZ942	17	19	22.578013716601184	22.260254869794856	-0.3177588468063277	difference (log2)
psm_count_peptide_dump	DFSPSGIFGAFQR	P905_906	B2021-05-06	AZ905	AZ906	34	45	2.0	1.0	-1.0	log2 ratio
psm_count_peptide_dump	DFSPSGIFGAFQR	P907_908	B2021-05-06	AZ907	AZ908	39	47	2.0	1.0	-1.0	log2 ratio
psm_count_peptide_dump	DFSPSGIFGAFQR	P909_910	B2021-05-06	AZ909	AZ910	41	49	2.0	1.0	-1.0	log2 ratio
psm_count_peptide_dump	DFSPSGIFGAFQR	P941_942	B2022-03-18	AZ941	AZ942	17	19	3.0	1.0	-1.5849625007211563	log2 ratio
psm_count_peptide_dump	LGELPSWILMR	P905_906	B2021-05-06	AZ905	AZ906	34	45	1.0	1.0	0.0	log2 ratio
psm_count_peptide_dump	LGELPSWILMR	P907_908	B2021-05-06	AZ907	AZ908	39	47	1.0	2.0	1.0	log2 ratio
psm_count_peptide_dump	LGELPSWILMR	P909_910	B2021-05-06	AZ909	AZ910	41	49	1.0	1.0	0.0	log2 ratio
psm_count_peptide_dump	LGELPSWILMR	P941_942	B2022-03-18	AZ941	AZ942	17	19	2.0	3.0	0.5849625007211562	log2 ratio
psm_count_peptide_dump	LGELPSWILM[15.99]R	P905_906	B2021-05-06	AZ905	AZ906	34	45	3.0	10.0	1.7369655941662063	log2 ratio
psm_count_peptide_dump	LGELPSWILM[15.99]R	P907_908	B2021-05-06	AZ907	AZ908	39	47	3.0	10.0	1.7369655941662063	log2 ratio
psm_count_peptide_dump	LGELPSWILM[15.99]R	P909_910	B2021-05-06	AZ909	AZ910	41	49	3.0	10.0	1.7369655941662063	log2 ratio
psm_count_peptide_dump	LGELPSWILM[15.99]R	P941_942	B2022-03-18	AZ941	AZ942	17	19	2.0	3.0	0.5849625007211562	log2 ratio
lfq_protein_raw_log2	psvid_86283_sp|P56134|ATPK_HUMAN	P905_906	B2021-05-06	AZ905	AZ906	34	45	27.357843096994294	26.739635487098564	-0.6182076098957303	difference (log2)
lfq_protein_raw_log2	psvid_86283_sp|P56134|ATPK_HUMAN	P907_908	B2021-05-06	AZ907	AZ908	39	47	27.71777407414288	26.862940843105704	-0.8548332310371762	difference (log2)
lfq_protein_raw_log2	psvid_86283_sp|P56134|ATPK_HUMAN	P909_910	B2021-05-06	AZ909	AZ910	41	49	27.273322566514167	26.581598138678185	-0.6917244278359824	difference (log2)
lfq_protein_raw_log2	psvid_86283_sp|P56134|ATPK_HUMAN	P941_942	B2022-03-18	AZ941	AZ942	17	19	25.745236053457255	25.048952242503407	-0.6962838109538474	difference (log2)
lfq_protein_norm_log2	psvid_86283_sp|P56134|ATPK_HUMAN	P905_906	B2021-05-06	AZ905	AZ906	34	45	26.734851277307403	26.2310566916105	-0.5037945856969017	difference (log2)
lfq_protein_norm_log2	psvid_86283_sp|P56134|ATPK_HUMAN	P907_908	B2021-05-06	AZ907	AZ908	39	47	27.765062951508412	27.213996654522386	-0.5510662969860256	difference (log2)
lfq_protein_norm_log2	psvid_86283_sp|P56134|ATPK_HUMAN	P909_910	B2021-05-06	AZ909	AZ910	41	49	27.32049766028706	26.81287343315766	-0.5076242271294014	difference (log2)
lfq_protein_norm_log2	psvid_86283_sp|P56134|ATPK_HUMAN	P941_942	B2022-03-18	AZ941	AZ942	17	19	26.099472208531388	25.597879685215194	-0.5015925233161944	difference (log2)
lfq_protein_norm_offset	psvid_86283_sp|P56134|ATPK_HUMAN	P905_906	B2021-05-06	AZ905	AZ906	34	45	-0.6229917676492427	-0.5085787488491782	0.11441301880006449	difference (log2)
lfq_protein_norm_offset	psvid_86283_sp|P56134|ATPK_HUMAN	P907_908	B2021-05-06	AZ907	AZ908	39	47	0.04728893599584083	0.35105586710481873	0.3037669311089779	difference (log2)
lfq_protein_norm_offset	psvid_86283_sp|P56134|ATPK_HUMAN	P909_910	B2021-05-06	AZ909	AZ910	41	49	0.04717515012049489	0.23127534719716536	0.18410019707667047	difference (log2)
lfq_protein_norm_offset	psvid_86283_sp|P56134|ATPK_HUMAN	P941_942	B2022-03-18	AZ941	AZ942	17	19	0.354236199963875	0.5489274792587722	0.19469127929489716	difference (log2)
nsaf_log2	psvid_86283_sp|P56134|ATPK_HUMAN	P905_906	B2021-05-06	AZ905	AZ906	34	45	-11.702745069852838	-10.569622603044944	1.1331224668078939	difference (log2)
nsaf_log2	psvid_86283_sp|P56134|ATPK_HUMAN	P907_908	B2021-05-06	AZ907	AZ908	39	47	-11.578417331921397	-10.293130845177949	1.2852864867434484	difference (log2)
nsaf_log2	psvid_86283_sp|P56134|ATPK_HUMAN	P909_910	B2021-05-06	AZ909	AZ910	41	49	-11.43971146551384	-10.37889755077917	1.0608139147346698	difference (log2)
nsaf_log2	psvid_86283_sp|P56134|ATPK_HUMAN	P941_942	B2022-03-18	AZ941	AZ942	17	19	-11.220758692442676	-11.266229098707313	-0.04547040626463783	difference (log2)
psm_count	psvid_86283_sp|P56134|ATPK_HUMAN	P905_906	B2021-05-06	AZ905	AZ906	34	45	6.0	12.0	1.0	log2 ratio
psm_count	psvid_86283_sp|P56134|ATPK_HUMAN	P907_908	B2021-05-06	AZ907	AZ908	39	47	6.0	13.0	1.1154772174199359	log2 ratio
psm_count	psvid_86283_sp|P56134|ATPK_HUMAN	P909_910	B2021-05-06	AZ909	AZ910	41	49	6.0	12.0	1.0	log2 ratio
psm_count	psvid_86283_sp|P56134|ATPK_HUMAN	P941_942	B2022-03-18	AZ941	AZ942	17	19	7.0	7.0	0.0	log2 ratio
psm_log2	psvid_86283_sp|P56134|ATPK_HUMAN	P905_906	B2021-05-06	AZ905	AZ906	34	45	2.584962500721156	3.584962500721156	1.0	difference (log2)
psm_log2	psvid_86283_sp|P56134|ATPK_HUMAN	P907_908	B2021-05-06	AZ907	AZ908	39	47	2.584962500721156	3.700439718141092	1.115477217419936	difference (log2)
psm_log2	psvid_86283_sp|P56134|ATPK_HUMAN	P909_910	B2021-05-06	AZ909	AZ910	41	49	2.584962500721156	3.584962500721156	1.0	difference (log2)
psm_log2	psvid_86283_sp|P56134|ATPK_HUMAN	P941_942	B2022-03-18	AZ941	AZ942	17	19	2.807354922057604	2.807354922057604	0.0	difference (log2)
