sample_id	class	psm_bin	n_proteins
AZ905	both	4-7	517
AZ905	both	2-3	491
AZ905	both	8-15	471
AZ905	both	>=32	467
AZ905	both	1	460
AZ905	both	16-31	408
AZ905	psm_only_lfq_other_runs	1	66
AZ905	psm_only_lfq_other_runs	2-3	16
AZ905	psm_only_lfq_other_runs	8-15	8
AZ905	psm_only_lfq_other_runs	4-7	5
AZ905	psm_only_lfq_other_runs	>=32	5
AZ905	psm_only_lfq_other_runs	16-31	2
AZ905	psm_only_never_lfq	1	243
AZ905	psm_only_never_lfq	2-3	148
AZ905	psm_only_never_lfq	4-7	96
AZ905	psm_only_never_lfq	8-15	80
AZ905	psm_only_never_lfq	16-31	44
AZ905	psm_only_never_lfq	>=32	42
AZ907	both	4-7	490
AZ907	both	2-3	459
AZ907	both	1	443
AZ907	both	8-15	421
AZ907	both	>=32	416
AZ907	both	16-31	372
AZ907	psm_only_lfq_other_runs	1	67
AZ907	psm_only_lfq_other_runs	2-3	26
AZ907	psm_only_lfq_other_runs	4-7	12
AZ907	psm_only_lfq_other_runs	>=32	5
AZ907	psm_only_lfq_other_runs	8-15	3
AZ907	psm_only_lfq_other_runs	16-31	2
AZ907	psm_only_never_lfq	1	189
AZ907	psm_only_never_lfq	2-3	128
AZ907	psm_only_never_lfq	4-7	102
AZ907	psm_only_never_lfq	8-15	59
AZ907	psm_only_never_lfq	16-31	52
AZ907	psm_only_never_lfq	>=32	43
AZ909	both	4-7	486
AZ909	both	2-3	469
AZ909	both	8-15	461
AZ909	both	1	445
AZ909	both	>=32	398
AZ909	both	16-31	364
AZ909	psm_only_lfq_other_runs	1	64
AZ909	psm_only_lfq_other_runs	2-3	32
AZ909	psm_only_lfq_other_runs	4-7	11
AZ909	psm_only_lfq_other_runs	>=32	6
AZ909	psm_only_lfq_other_runs	8-15	4
AZ909	psm_only_lfq_other_runs	16-31	3
AZ909	psm_only_never_lfq	1	174
AZ909	psm_only_never_lfq	2-3	160
AZ909	psm_only_never_lfq	4-7	89
AZ909	psm_only_never_lfq	8-15	61
AZ909	psm_only_never_lfq	16-31	47
AZ909	psm_only_never_lfq	>=32	46
AZ906	both	2-3	505
AZ906	both	4-7	485
AZ906	both	8-15	471
AZ906	both	1	436
AZ906	both	>=32	429
AZ906	both	16-31	370
AZ906	psm_only_lfq_other_runs	1	72
AZ906	psm_only_lfq_other_runs	2-3	28
AZ906	psm_only_lfq_other_runs	4-7	15
AZ906	psm_only_lfq_other_runs	8-15	7
AZ906	psm_only_lfq_other_runs	16-31	5
AZ906	psm_only_lfq_other_runs	>=32	5
AZ906	psm_only_never_lfq	1	208
AZ906	psm_only_never_lfq	2-3	138
AZ906	psm_only_never_lfq	4-7	106
AZ906	psm_only_never_lfq	8-15	71
AZ906	psm_only_never_lfq	16-31	42
AZ906	psm_only_never_lfq	>=32	41
AZ908	both	4-7	445
AZ908	both	1	441
AZ908	both	2-3	433
AZ908	both	8-15	394
AZ908	both	>=32	366
AZ908	both	16-31	327
AZ908	psm_only_lfq_other_runs	1	100
AZ908	psm_only_lfq_other_runs	2-3	27
AZ908	psm_only_lfq_other_runs	4-7	14
AZ908	psm_only_lfq_other_runs	8-15	9
AZ908	psm_only_lfq_other_runs	>=32	5
AZ908	psm_only_lfq_other_runs	16-31	2
AZ908	psm_only_never_lfq	1	173
AZ908	psm_only_never_lfq	2-3	124
AZ908	psm_only_never_lfq	4-7	82
AZ908	psm_only_never_lfq	8-15	75
AZ908	psm_only_never_lfq	>=32	40
AZ908	psm_only_never_lfq	16-31	33
AZ910	both	2-3	471
AZ910	both	4-7	467
AZ910	both	8-15	434
AZ910	both	1	429
AZ910	both	>=32	386
AZ910	both	16-31	355
AZ910	psm_only_lfq_other_runs	1	76
AZ910	psm_only_lfq_other_runs	2-3	16
AZ910	psm_only_lfq_other_runs	4-7	11
AZ910	psm_only_lfq_other_runs	>=32	6
AZ910	psm_only_lfq_other_runs	16-31	6
AZ910	psm_only_lfq_other_runs	8-15	5
AZ910	psm_only_never_lfq	1	182
AZ910	psm_only_never_lfq	2-3	149
AZ910	psm_only_never_lfq	4-7	88
AZ910	psm_only_never_lfq	8-15	62
AZ910	psm_only_never_lfq	16-31	48
AZ910	psm_only_never_lfq	>=32	42
AZ941	both	>=32	411
AZ941	both	8-15	394
AZ941	both	4-7	391
AZ941	both	2-3	388
AZ941	both	1	343
AZ941	both	16-31	306
AZ941	psm_only_lfq_other_runs	1	102
AZ941	psm_only_lfq_other_runs	2-3	42
AZ941	psm_only_lfq_other_runs	4-7	18
AZ941	psm_only_lfq_other_runs	8-15	10
AZ941	psm_only_lfq_other_runs	16-31	6
AZ941	psm_only_lfq_other_runs	>=32	5
AZ941	psm_only_never_lfq	2-3	144
AZ941	psm_only_never_lfq	1	109
AZ941	psm_only_never_lfq	4-7	73
AZ941	psm_only_never_lfq	8-15	65
AZ941	psm_only_never_lfq	>=32	41
AZ941	psm_only_never_lfq	16-31	30
AZ942	both	>=32	403
AZ942	both	4-7	398
AZ942	both	2-3	388
AZ942	both	8-15	365
AZ942	both	1	345
AZ942	both	16-31	300
AZ942	psm_only_lfq_other_runs	1	115
AZ942	psm_only_lfq_other_runs	2-3	48
AZ942	psm_only_lfq_other_runs	4-7	15
AZ942	psm_only_lfq_other_runs	8-15	13
AZ942	psm_only_lfq_other_runs	>=32	7
AZ942	psm_only_lfq_other_runs	16-31	7
AZ942	psm_only_never_lfq	1	148
AZ942	psm_only_never_lfq	2-3	122
AZ942	psm_only_never_lfq	4-7	90
AZ942	psm_only_never_lfq	8-15	54
AZ942	psm_only_never_lfq	16-31	41
AZ942	psm_only_never_lfq	>=32	38
