trend	scope	x_quantity	y_quantity	x	fitted	local_slope
pooled_psm	pooled_cells_all_common	lfq	log2_psm	15.899	-0.356889	0.143842
pooled_psm	pooled_cells_all_common	lfq	log2_psm	15.9815	-0.345029	0.143842
pooled_psm	pooled_cells_all_common	lfq	log2_psm	16.0639	-0.333169	0.143842
pooled_psm	pooled_cells_all_common	lfq	log2_psm	16.1464	-0.321309	0.144418
pooled_psm	pooled_cells_all_common	lfq	log2_psm	16.2288	-0.309354	0.145574
pooled_psm	pooled_cells_all_common	lfq	log2_psm	16.3113	-0.297303	0.146584
pooled_psm	pooled_cells_all_common	lfq	log2_psm	16.3937	-0.285181	0.147905
pooled_psm	pooled_cells_all_common	lfq	log2_psm	16.4762	-0.272913	0.149224
pooled_psm	pooled_cells_all_common	lfq	log2_psm	16.5586	-0.260574	0.14965
pooled_psm	pooled_cells_all_common	lfq	log2_psm	16.6411	-0.248235	0.149891
pooled_psm	pooled_cells_all_common	lfq	log2_psm	16.7236	-0.235856	0.151118
pooled_psm	pooled_cells_all_common	lfq	log2_psm	16.806	-0.223315	0.152705
pooled_psm	pooled_cells_all_common	lfq	log2_psm	16.8885	-0.210674	0.153934
pooled_psm	pooled_cells_all_common	lfq	log2_psm	16.9709	-0.197931	0.155114
pooled_psm	pooled_cells_all_common	lfq	log2_psm	17.0534	-0.185095	0.156432
pooled_psm	pooled_cells_all_common	lfq	log2_psm	17.1358	-0.172134	0.157518
pooled_psm	pooled_cells_all_common	lfq	log2_psm	17.2183	-0.15912	0.158679
pooled_psm	pooled_cells_all_common	lfq	log2_psm	17.3007	-0.145967	0.160139
pooled_psm	pooled_cells_all_common	lfq	log2_psm	17.3832	-0.132712	0.161624
pooled_psm	pooled_cells_all_common	lfq	log2_psm	17.4656	-0.119315	0.163075
pooled_psm	pooled_cells_all_common	lfq	log2_psm	17.5481	-0.105821	0.164495
pooled_psm	pooled_cells_all_common	lfq	log2_psm	17.6305	-0.092189	0.166094
pooled_psm	pooled_cells_all_common	lfq	log2_psm	17.713	-0.0784311	0.167677
pooled_psm	pooled_cells_all_common	lfq	log2_psm	17.7954	-0.0645383	0.169333
pooled_psm	pooled_cells_all_common	lfq	log2_psm	17.8779	-0.0505074	0.17105
pooled_psm	pooled_cells_all_common	lfq	log2_psm	17.9603	-0.0363314	0.172834
pooled_psm	pooled_cells_all_common	lfq	log2_psm	18.0428	-0.0220064	0.174724
pooled_psm	pooled_cells_all_common	lfq	log2_psm	18.1252	-0.00751869	0.176602
pooled_psm	pooled_cells_all_common	lfq	log2_psm	18.2077	0.00711595	0.178481
pooled_psm	pooled_cells_all_common	lfq	log2_psm	18.2901	0.0219136	0.180445
pooled_psm	pooled_cells_all_common	lfq	log2_psm	18.3726	0.0368721	0.182438
pooled_psm	pooled_cells_all_common	lfq	log2_psm	18.455	0.0519983	0.184477
pooled_psm	pooled_cells_all_common	lfq	log2_psm	18.5375	0.0672932	0.186563
pooled_psm	pooled_cells_all_common	lfq	log2_psm	18.62	0.0827634	0.188769
pooled_psm	pooled_cells_all_common	lfq	log2_psm	18.7024	0.098422	0.191105
pooled_psm	pooled_cells_all_common	lfq	log2_psm	18.7849	0.114277	0.193566
pooled_psm	pooled_cells_all_common	lfq	log2_psm	18.8673	0.130342	0.196243
pooled_psm	pooled_cells_all_common	lfq	log2_psm	18.9498	0.146639	0.199113
pooled_psm	pooled_cells_all_common	lfq	log2_psm	19.0322	0.163176	0.202026
pooled_psm	pooled_cells_all_common	lfq	log2_psm	19.1147	0.179954	0.205027
pooled_psm	pooled_cells_all_common	lfq	log2_psm	19.1971	0.196986	0.208039
pooled_psm	pooled_cells_all_common	lfq	log2_psm	19.2796	0.21426	0.210741
pooled_psm	pooled_cells_all_common	lfq	log2_psm	19.362	0.231738	0.213268
pooled_psm	pooled_cells_all_common	lfq	log2_psm	19.4445	0.249429	0.215922
pooled_psm	pooled_cells_all_common	lfq	log2_psm	19.5269	0.267345	0.218818
pooled_psm	pooled_cells_all_common	lfq	log2_psm	19.6094	0.285513	0.222076
pooled_psm	pooled_cells_all_common	lfq	log2_psm	19.6918	0.303966	0.225869
pooled_psm	pooled_cells_all_common	lfq	log2_psm	19.7743	0.32276	0.230633
pooled_psm	pooled_cells_all_common	lfq	log2_psm	19.8567	0.341998	0.236823
pooled_psm	pooled_cells_all_common	lfq	log2_psm	19.9392	0.361813	0.244406
pooled_psm	pooled_cells_all_common	lfq	log2_psm	20.0216	0.382302	0.253447
pooled_psm	pooled_cells_all_common	lfq	log2_psm	20.1041	0.403608	0.263617
pooled_psm	pooled_cells_all_common	lfq	log2_psm	20.1865	0.425774	0.275851
pooled_psm	pooled_cells_all_common	lfq	log2_psm	20.269	0.449097	0.287577
pooled_psm	pooled_cells_all_common	lfq	log2_psm	20.3514	0.473196	0.298911
pooled_psm	pooled_cells_all_common	lfq	log2_psm	20.4339	0.498388	0.311871
pooled_psm	pooled_cells_all_common	lfq	log2_psm	20.5163	0.524625	0.326935
pooled_psm	pooled_cells_all_common	lfq	log2_psm	20.5988	0.552301	0.346425
pooled_psm	pooled_cells_all_common	lfq	log2_psm	20.6813	0.581752	0.367528
pooled_psm	pooled_cells_all_common	lfq	log2_psm	20.7637	0.612908	0.388049
pooled_psm	pooled_cells_all_common	lfq	log2_psm	20.8462	0.645743	0.409028
pooled_psm	pooled_cells_all_common	lfq	log2_psm	20.9286	0.680359	0.429678
pooled_psm	pooled_cells_all_common	lfq	log2_psm	21.0111	0.716599	0.449134
pooled_psm	pooled_cells_all_common	lfq	log2_psm	21.0935	0.754423	0.467863
pooled_psm	pooled_cells_all_common	lfq	log2_psm	21.176	0.793751	0.488918
pooled_psm	pooled_cells_all_common	lfq	log2_psm	21.2584	0.835047	0.510066
pooled_psm	pooled_cells_all_common	lfq	log2_psm	21.3409	0.877863	0.530768
pooled_psm	pooled_cells_all_common	lfq	log2_psm	21.4233	0.922573	0.551964
pooled_psm	pooled_cells_all_common	lfq	log2_psm	21.5058	0.968885	0.572269
pooled_psm	pooled_cells_all_common	lfq	log2_psm	21.5882	1.01694	0.591181
pooled_psm	pooled_cells_all_common	lfq	log2_psm	21.6707	1.06637	0.603825
pooled_psm	pooled_cells_all_common	lfq	log2_psm	21.7531	1.11652	0.615171
pooled_psm	pooled_cells_all_common	lfq	log2_psm	21.8356	1.16782	0.628564
pooled_psm	pooled_cells_all_common	lfq	log2_psm	21.918	1.22017	0.64529
pooled_psm	pooled_cells_all_common	lfq	log2_psm	22.0005	1.27423	0.66744
pooled_psm	pooled_cells_all_common	lfq	log2_psm	22.0829	1.33023	0.694721
pooled_psm	pooled_cells_all_common	lfq	log2_psm	22.1654	1.38879	0.720929
pooled_psm	pooled_cells_all_common	lfq	log2_psm	22.2478	1.44912	0.745195
pooled_psm	pooled_cells_all_common	lfq	log2_psm	22.3303	1.51168	0.769128
pooled_psm	pooled_cells_all_common	lfq	log2_psm	22.4127	1.57595	0.789092
pooled_psm	pooled_cells_all_common	lfq	log2_psm	22.4952	1.6418	0.807514
pooled_psm	pooled_cells_all_common	lfq	log2_psm	22.5777	1.70911	0.826336
pooled_psm	pooled_cells_all_common	lfq	log2_psm	22.6601	1.77807	0.844747
pooled_psm	pooled_cells_all_common	lfq	log2_psm	22.7426	1.84841	0.860434
pooled_psm	pooled_cells_all_common	lfq	log2_psm	22.825	1.91996	0.876059
pooled_psm	pooled_cells_all_common	lfq	log2_psm	22.9075	1.99288	0.892284
pooled_psm	pooled_cells_all_common	lfq	log2_psm	22.9899	2.0671	0.906954
pooled_psm	pooled_cells_all_common	lfq	log2_psm	23.0724	2.14244	0.92251
pooled_psm	pooled_cells_all_common	lfq	log2_psm	23.1548	2.21922	0.941452
pooled_psm	pooled_cells_all_common	lfq	log2_psm	23.2373	2.29769	0.960471
pooled_psm	pooled_cells_all_common	lfq	log2_psm	23.3197	2.37761	0.975862
pooled_psm	pooled_cells_all_common	lfq	log2_psm	23.4022	2.45861	0.985656
pooled_psm	pooled_cells_all_common	lfq	log2_psm	23.4846	2.54015	0.990591
pooled_psm	pooled_cells_all_common	lfq	log2_psm	23.5671	2.62197	0.99061
pooled_psm	pooled_cells_all_common	lfq	log2_psm	23.6495	2.7035	0.984379
pooled_psm	pooled_cells_all_common	lfq	log2_psm	23.732	2.78429	0.973447
pooled_psm	pooled_cells_all_common	lfq	log2_psm	23.8144	2.86403	0.958748
pooled_psm	pooled_cells_all_common	lfq	log2_psm	23.8969	2.9424	0.94114
pooled_psm	pooled_cells_all_common	lfq	log2_psm	23.9793	3.01923	0.923011
pooled_psm	pooled_cells_all_common	lfq	log2_psm	24.0618	3.0946	0.907292
pooled_psm	pooled_cells_all_common	lfq	log2_psm	24.1442	3.16884	0.891728
pooled_psm	pooled_cells_all_common	lfq	log2_psm	24.2267	3.24165	0.873123
pooled_psm	pooled_cells_all_common	lfq	log2_psm	24.3091	3.31283	0.856407
pooled_psm	pooled_cells_all_common	lfq	log2_psm	24.3916	3.38288	0.84315
pooled_psm	pooled_cells_all_common	lfq	log2_psm	24.4741	3.45186	0.832641
pooled_psm	pooled_cells_all_common	lfq	log2_psm	24.5565	3.52019	0.824719
pooled_psm	pooled_cells_all_common	lfq	log2_psm	24.639	3.58786	0.819129
pooled_psm	pooled_cells_all_common	lfq	log2_psm	24.7214	3.65526	0.817235
pooled_psm	pooled_cells_all_common	lfq	log2_psm	24.8039	3.72263	0.817532
pooled_psm	pooled_cells_all_common	lfq	log2_psm	24.8863	3.79008	0.818965
pooled_psm	pooled_cells_all_common	lfq	log2_psm	24.9688	3.85768	0.820039
pooled_psm	pooled_cells_all_common	lfq	log2_psm	25.0512	3.92531	0.819139
pooled_psm	pooled_cells_all_common	lfq	log2_psm	25.1337	3.99276	0.816673
pooled_psm	pooled_cells_all_common	lfq	log2_psm	25.2161	4.05998	0.814186
pooled_psm	pooled_cells_all_common	lfq	log2_psm	25.2986	4.12702	0.812921
pooled_psm	pooled_cells_all_common	lfq	log2_psm	25.381	4.19403	0.812727
pooled_psm	pooled_cells_all_common	lfq	log2_psm	25.4635	4.26105	0.812112
pooled_psm	pooled_cells_all_common	lfq	log2_psm	25.5459	4.32795	0.809486
pooled_psm	pooled_cells_all_common	lfq	log2_psm	25.6284	4.39453	0.803852
pooled_psm	pooled_cells_all_common	lfq	log2_psm	25.7108	4.46051	0.796023
pooled_psm	pooled_cells_all_common	lfq	log2_psm	25.7933	4.5258	0.786932
pooled_psm	pooled_cells_all_common	lfq	log2_psm	25.8757	4.59028	0.775201
pooled_psm	pooled_cells_all_common	lfq	log2_psm	25.9582	4.65363	0.760946
pooled_psm	pooled_cells_all_common	lfq	log2_psm	26.0406	4.71576	0.746471
pooled_psm	pooled_cells_all_common	lfq	log2_psm	26.1231	4.77673	0.733165
pooled_psm	pooled_cells_all_common	lfq	log2_psm	26.2055	4.83667	0.721588
pooled_psm	pooled_cells_all_common	lfq	log2_psm	26.288	4.89572	0.711765
pooled_psm	pooled_cells_all_common	lfq	log2_psm	26.3705	4.95404	0.704612
pooled_psm	pooled_cells_all_common	lfq	log2_psm	26.4529	5.01192	0.699069
pooled_psm	pooled_cells_all_common	lfq	log2_psm	26.5354	5.06932	0.693691
pooled_psm	pooled_cells_all_common	lfq	log2_psm	26.6178	5.12631	0.689486
pooled_psm	pooled_cells_all_common	lfq	log2_psm	26.7003	5.18302	0.685621
pooled_psm	pooled_cells_all_common	lfq	log2_psm	26.7827	5.23937	0.682452
pooled_psm	pooled_cells_all_common	lfq	log2_psm	26.8652	5.29556	0.681721
pooled_psm	pooled_cells_all_common	lfq	log2_psm	26.9476	5.35179	0.683307
pooled_psm	pooled_cells_all_common	lfq	log2_psm	27.0301	5.40824	0.686331
pooled_psm	pooled_cells_all_common	lfq	log2_psm	27.1125	5.46497	0.689985
pooled_psm	pooled_cells_all_common	lfq	log2_psm	27.195	5.52202	0.694411
pooled_psm	pooled_cells_all_common	lfq	log2_psm	27.2774	5.57948	0.699692
pooled_psm	pooled_cells_all_common	lfq	log2_psm	27.3599	5.6374	0.705681
pooled_psm	pooled_cells_all_common	lfq	log2_psm	27.4423	5.69585	0.711733
pooled_psm	pooled_cells_all_common	lfq	log2_psm	27.5248	5.75477	0.717294
pooled_psm	pooled_cells_all_common	lfq	log2_psm	27.6072	5.81413	0.722628
pooled_psm	pooled_cells_all_common	lfq	log2_psm	27.6897	5.87393	0.728039
pooled_psm	pooled_cells_all_common	lfq	log2_psm	27.7721	5.93419	0.733525
pooled_psm	pooled_cells_all_common	lfq	log2_psm	27.8546	5.99489	0.739392
pooled_psm	pooled_cells_all_common	lfq	log2_psm	27.937	6.05612	0.746023
pooled_psm	pooled_cells_all_common	lfq	log2_psm	28.0195	6.11792	0.753467
pooled_psm	pooled_cells_all_common	lfq	log2_psm	28.1019	6.18037	0.76189
pooled_psm	pooled_cells_all_common	lfq	log2_psm	28.1844	6.24356	0.772724
pooled_psm	pooled_cells_all_common	lfq	log2_psm	28.2668	6.3078	0.784705
pooled_psm	pooled_cells_all_common	lfq	log2_psm	28.3493	6.37296	0.795181
pooled_psm	pooled_cells_all_common	lfq	log2_psm	28.4318	6.43892	0.804078
pooled_psm	pooled_cells_all_common	lfq	log2_psm	28.5142	6.50555	0.811036
pooled_psm	pooled_cells_all_common	lfq	log2_psm	28.5967	6.57267	0.816016
pooled_psm	pooled_cells_all_common	lfq	log2_psm	28.6791	6.64012	0.819427
pooled_psm	pooled_cells_all_common	lfq	log2_psm	28.7616	6.70779	0.821539
pooled_psm	pooled_cells_all_common	lfq	log2_psm	28.844	6.77559	0.822543
pooled_psm	pooled_cells_all_common	lfq	log2_psm	28.9265	6.84344	0.822809
pooled_psm	pooled_cells_all_common	lfq	log2_psm	29.0089	6.91128	0.822615
pooled_psm	pooled_cells_all_common	lfq	log2_psm	29.0914	6.97909	0.822133
pooled_psm	pooled_cells_all_common	lfq	log2_psm	29.1738	7.04685	0.821489
pooled_psm	pooled_cells_all_common	lfq	log2_psm	29.2563	7.11456	0.820788
pooled_psm	pooled_cells_all_common	lfq	log2_psm	29.3387	7.1822	0.820122
pooled_psm	pooled_cells_all_common	lfq	log2_psm	29.4212	7.2498	0.819534
pooled_psm	pooled_cells_all_common	lfq	log2_psm	29.5036	7.31735	0.819044
pooled_psm	pooled_cells_all_common	lfq	log2_psm	29.5861	7.38486	0.818681
pooled_psm	pooled_cells_all_common	lfq	log2_psm	29.6685	7.45235	0.81846
pooled_psm	pooled_cells_all_common	lfq	log2_psm	29.751	7.51983	0.818379
pooled_psm	pooled_cells_all_common	lfq	log2_psm	29.8334	7.5873	0.818443
pooled_psm	pooled_cells_all_common	lfq	log2_psm	29.9159	7.65479	0.818649
pooled_psm	pooled_cells_all_common	lfq	log2_psm	29.9983	7.7223	0.819003
pooled_psm	pooled_cells_all_common	lfq	log2_psm	30.0808	7.78985	0.819489
pooled_psm	pooled_cells_all_common	lfq	log2_psm	30.1632	7.85744	0.820082
pooled_psm	pooled_cells_all_common	lfq	log2_psm	30.2457	7.92509	0.820796
pooled_psm	pooled_cells_all_common	lfq	log2_psm	30.3282	7.99279	0.821623
pooled_psm	pooled_cells_all_common	lfq	log2_psm	30.4106	8.06057	0.82254
pooled_psm	pooled_cells_all_common	lfq	log2_psm	30.4931	8.12843	0.823525
pooled_psm	pooled_cells_all_common	lfq	log2_psm	30.5755	8.19638	0.824645
pooled_psm	pooled_cells_all_common	lfq	log2_psm	30.658	8.26442	0.825831
pooled_psm	pooled_cells_all_common	lfq	log2_psm	30.7404	8.33256	0.82706
pooled_psm	pooled_cells_all_common	lfq	log2_psm	30.8229	8.40081	0.828386
pooled_psm	pooled_cells_all_common	lfq	log2_psm	30.9053	8.46916	0.82974
pooled_psm	pooled_cells_all_common	lfq	log2_psm	30.9878	8.53763	0.831127
pooled_psm	pooled_cells_all_common	lfq	log2_psm	31.0702	8.60622	0.832584
pooled_psm	pooled_cells_all_common	lfq	log2_psm	31.1527	8.67493	0.834099
pooled_psm	pooled_cells_all_common	lfq	log2_psm	31.2351	8.74377	0.835579
pooled_psm	pooled_cells_all_common	lfq	log2_psm	31.3176	8.81272	0.837088
pooled_psm	pooled_cells_all_common	lfq	log2_psm	31.4	8.88181	0.838517
pooled_psm	pooled_cells_all_common	lfq	log2_psm	31.4825	8.951	0.839842
pooled_psm	pooled_cells_all_common	lfq	log2_psm	31.5649	9.0203	0.841273
pooled_psm	pooled_cells_all_common	lfq	log2_psm	31.6474	9.08973	0.842784
pooled_psm	pooled_cells_all_common	lfq	log2_psm	31.7298	9.15928	0.844002
pooled_psm	pooled_cells_all_common	lfq	log2_psm	31.8123	9.22891	0.845355
pooled_psm	pooled_cells_all_common	lfq	log2_psm	31.8947	9.29868	0.846612
pooled_psm	pooled_cells_all_common	lfq	log2_psm	31.9772	9.36852	0.848082
pooled_psm	pooled_cells_all_common	lfq	log2_psm	32.0596	9.43853	0.849196
pooled_psm	pooled_cells_all_common	lfq	log2_psm	32.1421	9.50855	0.849196
pooled_psm	pooled_cells_all_common	lfq	log2_psm	32.2246	9.57857	0.85021
pooled_psm	pooled_cells_all_common	lfq	log2_psm	32.307	9.64876	0.851225
pooled_nsaf	pooled_cells_all_common	lfq	log2_nsaf	15.899	-17.2322	0.374961
pooled_nsaf	pooled_cells_all_common	lfq	log2_nsaf	15.9815	-17.2012	0.374961
pooled_nsaf	pooled_cells_all_common	lfq	log2_nsaf	16.0639	-17.1703	0.374961
pooled_nsaf	pooled_cells_all_common	lfq	log2_nsaf	16.1464	-17.1394	0.374543
pooled_nsaf	pooled_cells_all_common	lfq	log2_nsaf	16.2288	-17.1086	0.373722
pooled_nsaf	pooled_cells_all_common	lfq	log2_nsaf	16.3113	-17.0778	0.373047
pooled_nsaf	pooled_cells_all_common	lfq	log2_nsaf	16.3937	-17.047	0.372296
pooled_nsaf	pooled_cells_all_common	lfq	log2_nsaf	16.4762	-17.0164	0.3716
pooled_nsaf	pooled_cells_all_common	lfq	log2_nsaf	16.5586	-16.9858	0.371385
pooled_nsaf	pooled_cells_all_common	lfq	log2_nsaf	16.6411	-16.9551	0.371281
pooled_nsaf	pooled_cells_all_common	lfq	log2_nsaf	16.7236	-16.9245	0.370766
pooled_nsaf	pooled_cells_all_common	lfq	log2_nsaf	16.806	-16.894	0.37015
pooled_nsaf	pooled_cells_all_common	lfq	log2_nsaf	16.8885	-16.8635	0.369766
pooled_nsaf	pooled_cells_all_common	lfq	log2_nsaf	16.9709	-16.833	0.369456
pooled_nsaf	pooled_cells_all_common	lfq	log2_nsaf	17.0534	-16.8026	0.369183
pooled_nsaf	pooled_cells_all_common	lfq	log2_nsaf	17.1358	-16.7721	0.369
pooled_nsaf	pooled_cells_all_common	lfq	log2_nsaf	17.2183	-16.7417	0.368881
pooled_nsaf	pooled_cells_all_common	lfq	log2_nsaf	17.3007	-16.7113	0.368779
pooled_nsaf	pooled_cells_all_common	lfq	log2_nsaf	17.3832	-16.6809	0.36878
pooled_nsaf	pooled_cells_all_common	lfq	log2_nsaf	17.4656	-16.6505	0.368851
pooled_nsaf	pooled_cells_all_common	lfq	log2_nsaf	17.5481	-16.6201	0.368998
pooled_nsaf	pooled_cells_all_common	lfq	log2_nsaf	17.6305	-16.5896	0.369217
pooled_nsaf	pooled_cells_all_common	lfq	log2_nsaf	17.713	-16.5592	0.3695
pooled_nsaf	pooled_cells_all_common	lfq	log2_nsaf	17.7954	-16.5287	0.369869
pooled_nsaf	pooled_cells_all_common	lfq	log2_nsaf	17.8779	-16.4982	0.370322
pooled_nsaf	pooled_cells_all_common	lfq	log2_nsaf	17.9603	-16.4676	0.370853
pooled_nsaf	pooled_cells_all_common	lfq	log2_nsaf	18.0428	-16.437	0.37147
pooled_nsaf	pooled_cells_all_common	lfq	log2_nsaf	18.1252	-16.4064	0.37212
pooled_nsaf	pooled_cells_all_common	lfq	log2_nsaf	18.2077	-16.3757	0.372798
pooled_nsaf	pooled_cells_all_common	lfq	log2_nsaf	18.2901	-16.3449	0.373509
pooled_nsaf	pooled_cells_all_common	lfq	log2_nsaf	18.3726	-16.3141	0.37418
pooled_nsaf	pooled_cells_all_common	lfq	log2_nsaf	18.455	-16.2832	0.37474
pooled_nsaf	pooled_cells_all_common	lfq	log2_nsaf	18.5375	-16.2523	0.375117
pooled_nsaf	pooled_cells_all_common	lfq	log2_nsaf	18.62	-16.2214	0.375269
pooled_nsaf	pooled_cells_all_common	lfq	log2_nsaf	18.7024	-16.1904	0.375152
pooled_nsaf	pooled_cells_all_common	lfq	log2_nsaf	18.7849	-16.1595	0.374722
pooled_nsaf	pooled_cells_all_common	lfq	log2_nsaf	18.8673	-16.1286	0.373922
pooled_nsaf	pooled_cells_all_common	lfq	log2_nsaf	18.9498	-16.0978	0.372766
pooled_nsaf	pooled_cells_all_common	lfq	log2_nsaf	19.0322	-16.0671	0.371301
pooled_nsaf	pooled_cells_all_common	lfq	log2_nsaf	19.1147	-16.0366	0.369739
pooled_nsaf	pooled_cells_all_common	lfq	log2_nsaf	19.1971	-16.0062	0.368275
pooled_nsaf	pooled_cells_all_common	lfq	log2_nsaf	19.2796	-15.9759	0.366839
pooled_nsaf	pooled_cells_all_common	lfq	log2_nsaf	19.362	-15.9457	0.365387
pooled_nsaf	pooled_cells_all_common	lfq	log2_nsaf	19.4445	-15.9156	0.363774
pooled_nsaf	pooled_cells_all_common	lfq	log2_nsaf	19.5269	-15.8857	0.361874
pooled_nsaf	pooled_cells_all_common	lfq	log2_nsaf	19.6094	-15.8559	0.359986
pooled_nsaf	pooled_cells_all_common	lfq	log2_nsaf	19.6918	-15.8263	0.358413
pooled_nsaf	pooled_cells_all_common	lfq	log2_nsaf	19.7743	-15.7968	0.357224
pooled_nsaf	pooled_cells_all_common	lfq	log2_nsaf	19.8567	-15.7674	0.356568
pooled_nsaf	pooled_cells_all_common	lfq	log2_nsaf	19.9392	-15.738	0.356696
pooled_nsaf	pooled_cells_all_common	lfq	log2_nsaf	20.0216	-15.7086	0.358428
pooled_nsaf	pooled_cells_all_common	lfq	log2_nsaf	20.1041	-15.6789	0.362235
pooled_nsaf	pooled_cells_all_common	lfq	log2_nsaf	20.1865	-15.6489	0.368775
pooled_nsaf	pooled_cells_all_common	lfq	log2_nsaf	20.269	-15.6181	0.376656
pooled_nsaf	pooled_cells_all_common	lfq	log2_nsaf	20.3514	-15.5868	0.384
pooled_nsaf	pooled_cells_all_common	lfq	log2_nsaf	20.4339	-15.5548	0.391095
pooled_nsaf	pooled_cells_all_common	lfq	log2_nsaf	20.5163	-15.5223	0.39899
pooled_nsaf	pooled_cells_all_common	lfq	log2_nsaf	20.5988	-15.489	0.407786
pooled_nsaf	pooled_cells_all_common	lfq	log2_nsaf	20.6813	-15.455	0.41587
pooled_nsaf	pooled_cells_all_common	lfq	log2_nsaf	20.7637	-15.4204	0.422624
pooled_nsaf	pooled_cells_all_common	lfq	log2_nsaf	20.8462	-15.3853	0.429157
pooled_nsaf	pooled_cells_all_common	lfq	log2_nsaf	20.9286	-15.3496	0.436009
pooled_nsaf	pooled_cells_all_common	lfq	log2_nsaf	21.0111	-15.3134	0.442967
pooled_nsaf	pooled_cells_all_common	lfq	log2_nsaf	21.0935	-15.2766	0.44847
pooled_nsaf	pooled_cells_all_common	lfq	log2_nsaf	21.176	-15.2395	0.452953
pooled_nsaf	pooled_cells_all_common	lfq	log2_nsaf	21.2584	-15.2019	0.45794
pooled_nsaf	pooled_cells_all_common	lfq	log2_nsaf	21.3409	-15.164	0.469154
pooled_nsaf	pooled_cells_all_common	lfq	log2_nsaf	21.4233	-15.1245	0.48832
pooled_nsaf	pooled_cells_all_common	lfq	log2_nsaf	21.5058	-15.0834	0.513954
pooled_nsaf	pooled_cells_all_common	lfq	log2_nsaf	21.5882	-15.0398	0.543809
pooled_nsaf	pooled_cells_all_common	lfq	log2_nsaf	21.6707	-14.9938	0.567244
pooled_nsaf	pooled_cells_all_common	lfq	log2_nsaf	21.7531	-14.9462	0.585767
pooled_nsaf	pooled_cells_all_common	lfq	log2_nsaf	21.8356	-14.8972	0.602319
pooled_nsaf	pooled_cells_all_common	lfq	log2_nsaf	21.918	-14.8469	0.619889
pooled_nsaf	pooled_cells_all_common	lfq	log2_nsaf	22.0005	-14.7949	0.641308
pooled_nsaf	pooled_cells_all_common	lfq	log2_nsaf	22.0829	-14.7412	0.667957
pooled_nsaf	pooled_cells_all_common	lfq	log2_nsaf	22.1654	-14.6848	0.696982
pooled_nsaf	pooled_cells_all_common	lfq	log2_nsaf	22.2478	-14.6262	0.732496
pooled_nsaf	pooled_cells_all_common	lfq	log2_nsaf	22.3303	-14.564	0.774964
pooled_nsaf	pooled_cells_all_common	lfq	log2_nsaf	22.4127	-14.4984	0.811063
pooled_nsaf	pooled_cells_all_common	lfq	log2_nsaf	22.4952	-14.4302	0.838446
pooled_nsaf	pooled_cells_all_common	lfq	log2_nsaf	22.5777	-14.3602	0.857346
pooled_nsaf	pooled_cells_all_common	lfq	log2_nsaf	22.6601	-14.2889	0.868124
pooled_nsaf	pooled_cells_all_common	lfq	log2_nsaf	22.7426	-14.217	0.872002
pooled_nsaf	pooled_cells_all_common	lfq	log2_nsaf	22.825	-14.1451	0.872915
pooled_nsaf	pooled_cells_all_common	lfq	log2_nsaf	22.9075	-14.0731	0.874374
pooled_nsaf	pooled_cells_all_common	lfq	log2_nsaf	22.9899	-14.0009	0.877948
pooled_nsaf	pooled_cells_all_common	lfq	log2_nsaf	23.0724	-13.9283	0.887775
pooled_nsaf	pooled_cells_all_common	lfq	log2_nsaf	23.1548	-13.8545	0.906963
pooled_nsaf	pooled_cells_all_common	lfq	log2_nsaf	23.2373	-13.7787	0.928812
pooled_nsaf	pooled_cells_all_common	lfq	log2_nsaf	23.3197	-13.7013	0.943482
pooled_nsaf	pooled_cells_all_common	lfq	log2_nsaf	23.4022	-13.6231	0.948373
pooled_nsaf	pooled_cells_all_common	lfq	log2_nsaf	23.4846	-13.5449	0.947133
pooled_nsaf	pooled_cells_all_common	lfq	log2_nsaf	23.5671	-13.467	0.940359
pooled_nsaf	pooled_cells_all_common	lfq	log2_nsaf	23.6495	-13.3899	0.928278
pooled_nsaf	pooled_cells_all_common	lfq	log2_nsaf	23.732	-13.3139	0.91477
pooled_nsaf	pooled_cells_all_common	lfq	log2_nsaf	23.8144	-13.239	0.900511
pooled_nsaf	pooled_cells_all_common	lfq	log2_nsaf	23.8969	-13.1654	0.884475
pooled_nsaf	pooled_cells_all_common	lfq	log2_nsaf	23.9793	-13.0932	0.867556
pooled_nsaf	pooled_cells_all_common	lfq	log2_nsaf	24.0618	-13.0223	0.849658
pooled_nsaf	pooled_cells_all_common	lfq	log2_nsaf	24.1442	-12.953	0.828453
pooled_nsaf	pooled_cells_all_common	lfq	log2_nsaf	24.2267	-12.8857	0.804244
pooled_nsaf	pooled_cells_all_common	lfq	log2_nsaf	24.3091	-12.8204	0.784246
pooled_nsaf	pooled_cells_all_common	lfq	log2_nsaf	24.3916	-12.7564	0.770587
pooled_nsaf	pooled_cells_all_common	lfq	log2_nsaf	24.4741	-12.6933	0.762496
pooled_nsaf	pooled_cells_all_common	lfq	log2_nsaf	24.5565	-12.6306	0.759394
pooled_nsaf	pooled_cells_all_common	lfq	log2_nsaf	24.639	-12.5681	0.758236
pooled_nsaf	pooled_cells_all_common	lfq	log2_nsaf	24.7214	-12.5056	0.75825
pooled_nsaf	pooled_cells_all_common	lfq	log2_nsaf	24.8039	-12.4431	0.759529
pooled_nsaf	pooled_cells_all_common	lfq	log2_nsaf	24.8863	-12.3804	0.76328
pooled_nsaf	pooled_cells_all_common	lfq	log2_nsaf	24.9688	-12.3172	0.769107
pooled_nsaf	pooled_cells_all_common	lfq	log2_nsaf	25.0512	-12.2535	0.776487
pooled_nsaf	pooled_cells_all_common	lfq	log2_nsaf	25.1337	-12.1892	0.783608
pooled_nsaf	pooled_cells_all_common	lfq	log2_nsaf	25.2161	-12.1243	0.788421
pooled_nsaf	pooled_cells_all_common	lfq	log2_nsaf	25.2986	-12.0592	0.791476
pooled_nsaf	pooled_cells_all_common	lfq	log2_nsaf	25.381	-11.9938	0.794763
pooled_nsaf	pooled_cells_all_common	lfq	log2_nsaf	25.4635	-11.9281	0.798828
pooled_nsaf	pooled_cells_all_common	lfq	log2_nsaf	25.5459	-11.8621	0.802598
pooled_nsaf	pooled_cells_all_common	lfq	log2_nsaf	25.6284	-11.7957	0.80495
pooled_nsaf	pooled_cells_all_common	lfq	log2_nsaf	25.7108	-11.7293	0.803737
pooled_nsaf	pooled_cells_all_common	lfq	log2_nsaf	25.7933	-11.6632	0.798893
pooled_nsaf	pooled_cells_all_common	lfq	log2_nsaf	25.8757	-11.5976	0.791671
pooled_nsaf	pooled_cells_all_common	lfq	log2_nsaf	25.9582	-11.5327	0.781427
pooled_nsaf	pooled_cells_all_common	lfq	log2_nsaf	26.0406	-11.4687	0.768652
pooled_nsaf	pooled_cells_all_common	lfq	log2_nsaf	26.1231	-11.4059	0.755282
pooled_nsaf	pooled_cells_all_common	lfq	log2_nsaf	26.2055	-11.3442	0.741012
pooled_nsaf	pooled_cells_all_common	lfq	log2_nsaf	26.288	-11.2837	0.72471
pooled_nsaf	pooled_cells_all_common	lfq	log2_nsaf	26.3705	-11.2247	0.709059
pooled_nsaf	pooled_cells_all_common	lfq	log2_nsaf	26.4529	-11.1668	0.694373
pooled_nsaf	pooled_cells_all_common	lfq	log2_nsaf	26.5354	-11.1102	0.679253
pooled_nsaf	pooled_cells_all_common	lfq	log2_nsaf	26.6178	-11.0548	0.665672
pooled_nsaf	pooled_cells_all_common	lfq	log2_nsaf	26.7003	-11.0004	0.652973
pooled_nsaf	pooled_cells_all_common	lfq	log2_nsaf	26.7827	-10.9471	0.642478
pooled_nsaf	pooled_cells_all_common	lfq	log2_nsaf	26.8652	-10.8944	0.636766
pooled_nsaf	pooled_cells_all_common	lfq	log2_nsaf	26.9476	-10.8421	0.634244
pooled_nsaf	pooled_cells_all_common	lfq	log2_nsaf	27.0301	-10.7898	0.632519
pooled_nsaf	pooled_cells_all_common	lfq	log2_nsaf	27.1125	-10.7378	0.62972
pooled_nsaf	pooled_cells_all_common	lfq	log2_nsaf	27.195	-10.686	0.625412
pooled_nsaf	pooled_cells_all_common	lfq	log2_nsaf	27.2774	-10.6346	0.620374
pooled_nsaf	pooled_cells_all_common	lfq	log2_nsaf	27.3599	-10.5837	0.614272
pooled_nsaf	pooled_cells_all_common	lfq	log2_nsaf	27.4423	-10.5333	0.608059
pooled_nsaf	pooled_cells_all_common	lfq	log2_nsaf	27.5248	-10.4834	0.603579
pooled_nsaf	pooled_cells_all_common	lfq	log2_nsaf	27.6072	-10.4338	0.601071
pooled_nsaf	pooled_cells_all_common	lfq	log2_nsaf	27.6897	-10.3843	0.600658
pooled_nsaf	pooled_cells_all_common	lfq	log2_nsaf	27.7721	-10.3348	0.601857
pooled_nsaf	pooled_cells_all_common	lfq	log2_nsaf	27.8546	-10.2851	0.603802
pooled_nsaf	pooled_cells_all_common	lfq	log2_nsaf	27.937	-10.2352	0.606427
pooled_nsaf	pooled_cells_all_common	lfq	log2_nsaf	28.0195	-10.1851	0.61055
pooled_nsaf	pooled_cells_all_common	lfq	log2_nsaf	28.1019	-10.1345	0.616623
pooled_nsaf	pooled_cells_all_common	lfq	log2_nsaf	28.1844	-10.0834	0.62572
pooled_nsaf	pooled_cells_all_common	lfq	log2_nsaf	28.2668	-10.0313	0.636739
pooled_nsaf	pooled_cells_all_common	lfq	log2_nsaf	28.3493	-9.97838	0.647133
pooled_nsaf	pooled_cells_all_common	lfq	log2_nsaf	28.4318	-9.92461	0.656356
pooled_nsaf	pooled_cells_all_common	lfq	log2_nsaf	28.5142	-9.87014	0.663924
pooled_nsaf	pooled_cells_all_common	lfq	log2_nsaf	28.5967	-9.81513	0.669684
pooled_nsaf	pooled_cells_all_common	lfq	log2_nsaf	28.6791	-9.75971	0.67405
pooled_nsaf	pooled_cells_all_common	lfq	log2_nsaf	28.7616	-9.70397	0.677203
pooled_nsaf	pooled_cells_all_common	lfq	log2_nsaf	28.844	-9.64803	0.679112
pooled_nsaf	pooled_cells_all_common	lfq	log2_nsaf	28.9265	-9.59198	0.680089
pooled_nsaf	pooled_cells_all_common	lfq	log2_nsaf	29.0089	-9.53588	0.680411
pooled_nsaf	pooled_cells_all_common	lfq	log2_nsaf	29.0914	-9.47978	0.680231
pooled_nsaf	pooled_cells_all_common	lfq	log2_nsaf	29.1738	-9.42371	0.679698
pooled_nsaf	pooled_cells_all_common	lfq	log2_nsaf	29.2563	-9.3677	0.678932
pooled_nsaf	pooled_cells_all_common	lfq	log2_nsaf	29.3387	-9.31175	0.678043
pooled_nsaf	pooled_cells_all_common	lfq	log2_nsaf	29.4212	-9.25588	0.677095
pooled_nsaf	pooled_cells_all_common	lfq	log2_nsaf	29.5036	-9.2001	0.676116
pooled_nsaf	pooled_cells_all_common	lfq	log2_nsaf	29.5861	-9.14439	0.67517
pooled_nsaf	pooled_cells_all_common	lfq	log2_nsaf	29.6685	-9.08876	0.674305
pooled_nsaf	pooled_cells_all_common	lfq	log2_nsaf	29.751	-9.03319	0.673548
pooled_nsaf	pooled_cells_all_common	lfq	log2_nsaf	29.8334	-8.97769	0.672906
pooled_nsaf	pooled_cells_all_common	lfq	log2_nsaf	29.9159	-8.92223	0.672405
pooled_nsaf	pooled_cells_all_common	lfq	log2_nsaf	29.9983	-8.8668	0.672053
pooled_nsaf	pooled_cells_all_common	lfq	log2_nsaf	30.0808	-8.8114	0.671852
pooled_nsaf	pooled_cells_all_common	lfq	log2_nsaf	30.1632	-8.75601	0.671808
pooled_nsaf	pooled_cells_all_common	lfq	log2_nsaf	30.2457	-8.70062	0.671902
pooled_nsaf	pooled_cells_all_common	lfq	log2_nsaf	30.3282	-8.64521	0.672125
pooled_nsaf	pooled_cells_all_common	lfq	log2_nsaf	30.4106	-8.58978	0.672465
pooled_nsaf	pooled_cells_all_common	lfq	log2_nsaf	30.4931	-8.53432	0.672902
pooled_nsaf	pooled_cells_all_common	lfq	log2_nsaf	30.5755	-8.47882	0.67347
pooled_nsaf	pooled_cells_all_common	lfq	log2_nsaf	30.658	-8.42326	0.674135
pooled_nsaf	pooled_cells_all_common	lfq	log2_nsaf	30.7404	-8.36765	0.674889
pooled_nsaf	pooled_cells_all_common	lfq	log2_nsaf	30.8229	-8.31197	0.675764
pooled_nsaf	pooled_cells_all_common	lfq	log2_nsaf	30.9053	-8.25621	0.676719
pooled_nsaf	pooled_cells_all_common	lfq	log2_nsaf	30.9878	-8.20038	0.67775
pooled_nsaf	pooled_cells_all_common	lfq	log2_nsaf	31.0702	-8.14445	0.678883
pooled_nsaf	pooled_cells_all_common	lfq	log2_nsaf	31.1527	-8.08843	0.680103
pooled_nsaf	pooled_cells_all_common	lfq	log2_nsaf	31.2351	-8.0323	0.681328
pooled_nsaf	pooled_cells_all_common	lfq	log2_nsaf	31.3176	-7.97607	0.682607
pooled_nsaf	pooled_cells_all_common	lfq	log2_nsaf	31.4	-7.91973	0.683841
pooled_nsaf	pooled_cells_all_common	lfq	log2_nsaf	31.4825	-7.8633	0.685005
pooled_nsaf	pooled_cells_all_common	lfq	log2_nsaf	31.5649	-7.80677	0.686279
pooled_nsaf	pooled_cells_all_common	lfq	log2_nsaf	31.6474	-7.75013	0.687646
pooled_nsaf	pooled_cells_all_common	lfq	log2_nsaf	31.7298	-7.69338	0.688763
pooled_nsaf	pooled_cells_all_common	lfq	log2_nsaf	31.8123	-7.63655	0.690026
pooled_nsaf	pooled_cells_all_common	lfq	log2_nsaf	31.8947	-7.57959	0.691214
pooled_nsaf	pooled_cells_all_common	lfq	log2_nsaf	31.9772	-7.52257	0.692633
pooled_nsaf	pooled_cells_all_common	lfq	log2_nsaf	32.0596	-7.46537	0.693707
pooled_nsaf	pooled_cells_all_common	lfq	log2_nsaf	32.1421	-7.40817	0.693707
pooled_nsaf	pooled_cells_all_common	lfq	log2_nsaf	32.2246	-7.35098	0.694712
pooled_nsaf	pooled_cells_all_common	lfq	log2_nsaf	32.307	-7.29361	0.695717
pooled_lfq_on_psm	pooled_cells_all_common	log2_psm	lfq	0	20.888	0.950113
pooled_lfq_on_psm	pooled_cells_all_common	log2_psm	lfq	0.0577101	20.9428	0.950113
pooled_lfq_on_psm	pooled_cells_all_common	log2_psm	lfq	0.11542	20.9976	0.950113
pooled_lfq_on_psm	pooled_cells_all_common	log2_psm	lfq	0.17313	21.0525	0.950113
pooled_lfq_on_psm	pooled_cells_all_common	log2_psm	lfq	0.230841	21.1073	0.950113
pooled_lfq_on_psm	pooled_cells_all_common	log2_psm	lfq	0.288551	21.1621	0.950113
pooled_lfq_on_psm	pooled_cells_all_common	log2_psm	lfq	0.346261	21.2169	0.950113
pooled_lfq_on_psm	pooled_cells_all_common	log2_psm	lfq	0.403971	21.2718	0.950113
pooled_lfq_on_psm	pooled_cells_all_common	log2_psm	lfq	0.461681	21.3266	0.950113
pooled_lfq_on_psm	pooled_cells_all_common	log2_psm	lfq	0.519391	21.3814	0.950113
pooled_lfq_on_psm	pooled_cells_all_common	log2_psm	lfq	0.577101	21.4363	0.950113
pooled_lfq_on_psm	pooled_cells_all_common	log2_psm	lfq	0.634812	21.4911	0.950113
pooled_lfq_on_psm	pooled_cells_all_common	log2_psm	lfq	0.692522	21.5459	0.950113
pooled_lfq_on_psm	pooled_cells_all_common	log2_psm	lfq	0.750232	21.6008	0.950113
pooled_lfq_on_psm	pooled_cells_all_common	log2_psm	lfq	0.807942	21.6556	0.950113
pooled_lfq_on_psm	pooled_cells_all_common	log2_psm	lfq	0.865652	21.7104	0.950113
pooled_lfq_on_psm	pooled_cells_all_common	log2_psm	lfq	0.923362	21.7653	0.950113
pooled_lfq_on_psm	pooled_cells_all_common	log2_psm	lfq	0.981073	21.8201	0.941288
pooled_lfq_on_psm	pooled_cells_all_common	log2_psm	lfq	1.03878	21.8739	0.928155
pooled_lfq_on_psm	pooled_cells_all_common	log2_psm	lfq	1.09649	21.9272	0.923848
pooled_lfq_on_psm	pooled_cells_all_common	log2_psm	lfq	1.1542	21.9805	0.923848
pooled_lfq_on_psm	pooled_cells_all_common	log2_psm	lfq	1.21191	22.0338	0.923848
pooled_lfq_on_psm	pooled_cells_all_common	log2_psm	lfq	1.26962	22.0872	0.923848
pooled_lfq_on_psm	pooled_cells_all_common	log2_psm	lfq	1.32733	22.1405	0.923848
pooled_lfq_on_psm	pooled_cells_all_common	log2_psm	lfq	1.38504	22.1938	0.923848
pooled_lfq_on_psm	pooled_cells_all_common	log2_psm	lfq	1.44275	22.2471	0.923848
pooled_lfq_on_psm	pooled_cells_all_common	log2_psm	lfq	1.50046	22.3004	0.923848
pooled_lfq_on_psm	pooled_cells_all_common	log2_psm	lfq	1.55817	22.3537	0.920837
pooled_lfq_on_psm	pooled_cells_all_common	log2_psm	lfq	1.61588	22.4067	0.915217
pooled_lfq_on_psm	pooled_cells_all_common	log2_psm	lfq	1.67359	22.4594	0.912608
pooled_lfq_on_psm	pooled_cells_all_common	log2_psm	lfq	1.7313	22.512	0.912608
pooled_lfq_on_psm	pooled_cells_all_common	log2_psm	lfq	1.78901	22.5647	0.912608
pooled_lfq_on_psm	pooled_cells_all_common	log2_psm	lfq	1.84672	22.6174	0.912608
pooled_lfq_on_psm	pooled_cells_all_common	log2_psm	lfq	1.90443	22.67	0.912608
pooled_lfq_on_psm	pooled_cells_all_common	log2_psm	lfq	1.96215	22.7227	0.913845
pooled_lfq_on_psm	pooled_cells_all_common	log2_psm	lfq	2.01986	22.7755	0.91744
pooled_lfq_on_psm	pooled_cells_all_common	log2_psm	lfq	2.07757	22.8286	0.919798
pooled_lfq_on_psm	pooled_cells_all_common	log2_psm	lfq	2.13528	22.8817	0.919798
pooled_lfq_on_psm	pooled_cells_all_common	log2_psm	lfq	2.19299	22.9348	0.919798
pooled_lfq_on_psm	pooled_cells_all_common	log2_psm	lfq	2.2507	22.9878	0.919798
pooled_lfq_on_psm	pooled_cells_all_common	log2_psm	lfq	2.30841	23.0409	0.963364
pooled_lfq_on_psm	pooled_cells_all_common	log2_psm	lfq	2.36612	23.099	1.02026
pooled_lfq_on_psm	pooled_cells_all_common	log2_psm	lfq	2.42383	23.1587	1.03359
pooled_lfq_on_psm	pooled_cells_all_common	log2_psm	lfq	2.48154	23.2183	1.03359
pooled_lfq_on_psm	pooled_cells_all_common	log2_psm	lfq	2.53925	23.278	1.03516
pooled_lfq_on_psm	pooled_cells_all_common	log2_psm	lfq	2.59696	23.3378	1.04267
pooled_lfq_on_psm	pooled_cells_all_common	log2_psm	lfq	2.65467	23.3983	1.04863
pooled_lfq_on_psm	pooled_cells_all_common	log2_psm	lfq	2.71238	23.4588	1.04863
pooled_lfq_on_psm	pooled_cells_all_common	log2_psm	lfq	2.77009	23.5194	1.0689
pooled_lfq_on_psm	pooled_cells_all_common	log2_psm	lfq	2.8278	23.5822	1.12611
pooled_lfq_on_psm	pooled_cells_all_common	log2_psm	lfq	2.88551	23.6493	1.16306
pooled_lfq_on_psm	pooled_cells_all_common	log2_psm	lfq	2.94322	23.7165	1.16288
pooled_lfq_on_psm	pooled_cells_all_common	log2_psm	lfq	3.00093	23.7836	1.15186
pooled_lfq_on_psm	pooled_cells_all_common	log2_psm	lfq	3.05864	23.8494	1.14102
pooled_lfq_on_psm	pooled_cells_all_common	log2_psm	lfq	3.11635	23.9153	1.14036
pooled_lfq_on_psm	pooled_cells_all_common	log2_psm	lfq	3.17406	23.981	1.13117
pooled_lfq_on_psm	pooled_cells_all_common	log2_psm	lfq	3.23177	24.0458	1.12264
pooled_lfq_on_psm	pooled_cells_all_common	log2_psm	lfq	3.28948	24.1106	1.1287
pooled_lfq_on_psm	pooled_cells_all_common	log2_psm	lfq	3.34719	24.1761	1.14256
pooled_lfq_on_psm	pooled_cells_all_common	log2_psm	lfq	3.4049	24.2425	1.14959
pooled_lfq_on_psm	pooled_cells_all_common	log2_psm	lfq	3.46261	24.3088	1.13578
pooled_lfq_on_psm	pooled_cells_all_common	log2_psm	lfq	3.52032	24.3736	1.12274
pooled_lfq_on_psm	pooled_cells_all_common	log2_psm	lfq	3.57803	24.4384	1.13178
pooled_lfq_on_psm	pooled_cells_all_common	log2_psm	lfq	3.63574	24.5042	1.14206
pooled_lfq_on_psm	pooled_cells_all_common	log2_psm	lfq	3.69345	24.5702	1.14428
pooled_lfq_on_psm	pooled_cells_all_common	log2_psm	lfq	3.75116	24.6363	1.14548
pooled_lfq_on_psm	pooled_cells_all_common	log2_psm	lfq	3.80887	24.7024	1.14884
pooled_lfq_on_psm	pooled_cells_all_common	log2_psm	lfq	3.86658	24.7689	1.15422
pooled_lfq_on_psm	pooled_cells_all_common	log2_psm	lfq	3.92429	24.8356	1.16165
pooled_lfq_on_psm	pooled_cells_all_common	log2_psm	lfq	3.982	24.9029	1.19111
pooled_lfq_on_psm	pooled_cells_all_common	log2_psm	lfq	4.03971	24.9731	1.21965
pooled_lfq_on_psm	pooled_cells_all_common	log2_psm	lfq	4.09742	25.0437	1.19166
pooled_lfq_on_psm	pooled_cells_all_common	log2_psm	lfq	4.15513	25.1106	1.20767
pooled_lfq_on_psm	pooled_cells_all_common	log2_psm	lfq	4.21284	25.1831	1.26825
pooled_lfq_on_psm	pooled_cells_all_common	log2_psm	lfq	4.27055	25.257	1.2727
pooled_lfq_on_psm	pooled_cells_all_common	log2_psm	lfq	4.32826	25.33	1.25588
pooled_lfq_on_psm	pooled_cells_all_common	log2_psm	lfq	4.38597	25.402	1.27845
pooled_lfq_on_psm	pooled_cells_all_common	log2_psm	lfq	4.44368	25.4776	1.31616
pooled_lfq_on_psm	pooled_cells_all_common	log2_psm	lfq	4.50139	25.5539	1.31206
pooled_lfq_on_psm	pooled_cells_all_common	log2_psm	lfq	4.5591	25.629	1.30296
pooled_lfq_on_psm	pooled_cells_all_common	log2_psm	lfq	4.61681	25.7043	1.31315
pooled_lfq_on_psm	pooled_cells_all_common	log2_psm	lfq	4.67452	25.7806	1.32161
pooled_lfq_on_psm	pooled_cells_all_common	log2_psm	lfq	4.73223	25.8568	1.31785
pooled_lfq_on_psm	pooled_cells_all_common	log2_psm	lfq	4.78994	25.9327	1.31292
pooled_lfq_on_psm	pooled_cells_all_common	log2_psm	lfq	4.84765	26.0083	1.3027
pooled_lfq_on_psm	pooled_cells_all_common	log2_psm	lfq	4.90536	26.083	1.28482
pooled_lfq_on_psm	pooled_cells_all_common	log2_psm	lfq	4.96307	26.1566	1.26951
pooled_lfq_on_psm	pooled_cells_all_common	log2_psm	lfq	5.02078	26.2296	1.27531
pooled_lfq_on_psm	pooled_cells_all_common	log2_psm	lfq	5.07849	26.3038	1.27268
pooled_lfq_on_psm	pooled_cells_all_common	log2_psm	lfq	5.1362	26.3765	1.24535
pooled_lfq_on_psm	pooled_cells_all_common	log2_psm	lfq	5.19391	26.4476	1.23034
pooled_lfq_on_psm	pooled_cells_all_common	log2_psm	lfq	5.25162	26.5185	1.22571
pooled_lfq_on_psm	pooled_cells_all_common	log2_psm	lfq	5.30933	26.589	1.23052
pooled_lfq_on_psm	pooled_cells_all_common	log2_psm	lfq	5.36704	26.6605	1.23812
pooled_lfq_on_psm	pooled_cells_all_common	log2_psm	lfq	5.42475	26.732	1.21937
pooled_lfq_on_psm	pooled_cells_all_common	log2_psm	lfq	5.48246	26.8012	1.19722
pooled_lfq_on_psm	pooled_cells_all_common	log2_psm	lfq	5.54017	26.8701	1.19138
pooled_lfq_on_psm	pooled_cells_all_common	log2_psm	lfq	5.59788	26.9387	1.18594
pooled_lfq_on_psm	pooled_cells_all_common	log2_psm	lfq	5.65559	27.007	1.18228
pooled_lfq_on_psm	pooled_cells_all_common	log2_psm	lfq	5.7133	27.0752	1.18562
pooled_lfq_on_psm	pooled_cells_all_common	log2_psm	lfq	5.77101	27.1439	1.18321
pooled_lfq_on_psm	pooled_cells_all_common	log2_psm	lfq	5.82872	27.2118	1.16494
pooled_lfq_on_psm	pooled_cells_all_common	log2_psm	lfq	5.88644	27.2783	1.149
pooled_lfq_on_psm	pooled_cells_all_common	log2_psm	lfq	5.94415	27.3444	1.14025
pooled_lfq_on_psm	pooled_cells_all_common	log2_psm	lfq	6.00186	27.4099	1.13204
pooled_lfq_on_psm	pooled_cells_all_common	log2_psm	lfq	6.05957	27.475	1.12586
pooled_lfq_on_psm	pooled_cells_all_common	log2_psm	lfq	6.11728	27.5399	1.12132
pooled_lfq_on_psm	pooled_cells_all_common	log2_psm	lfq	6.17499	27.6045	1.11664
pooled_lfq_on_psm	pooled_cells_all_common	log2_psm	lfq	6.2327	27.6688	1.11158
pooled_lfq_on_psm	pooled_cells_all_common	log2_psm	lfq	6.29041	27.7328	1.10612
pooled_lfq_on_psm	pooled_cells_all_common	log2_psm	lfq	6.34812	27.7964	1.10041
pooled_lfq_on_psm	pooled_cells_all_common	log2_psm	lfq	6.40583	27.8598	1.09553
pooled_lfq_on_psm	pooled_cells_all_common	log2_psm	lfq	6.46354	27.9229	1.09202
pooled_lfq_on_psm	pooled_cells_all_common	log2_psm	lfq	6.52125	27.9858	1.08995
pooled_lfq_on_psm	pooled_cells_all_common	log2_psm	lfq	6.57896	28.0487	1.08918
pooled_lfq_on_psm	pooled_cells_all_common	log2_psm	lfq	6.63667	28.1115	1.08924
pooled_lfq_on_psm	pooled_cells_all_common	log2_psm	lfq	6.69438	28.1744	1.08937
pooled_lfq_on_psm	pooled_cells_all_common	log2_psm	lfq	6.75209	28.2373	1.08903
pooled_lfq_on_psm	pooled_cells_all_common	log2_psm	lfq	6.8098	28.3001	1.08784
pooled_lfq_on_psm	pooled_cells_all_common	log2_psm	lfq	6.86751	28.3628	1.07811
pooled_lfq_on_psm	pooled_cells_all_common	log2_psm	lfq	6.92522	28.4245	1.07027
pooled_lfq_on_psm	pooled_cells_all_common	log2_psm	lfq	6.98293	28.4864	1.0733
pooled_lfq_on_psm	pooled_cells_all_common	log2_psm	lfq	7.04064	28.5484	1.07279
pooled_lfq_on_psm	pooled_cells_all_common	log2_psm	lfq	7.09835	28.6102	1.06722
pooled_lfq_on_psm	pooled_cells_all_common	log2_psm	lfq	7.15606	28.6716	1.06034
pooled_lfq_on_psm	pooled_cells_all_common	log2_psm	lfq	7.21377	28.7326	1.05176
pooled_lfq_on_psm	pooled_cells_all_common	log2_psm	lfq	7.27148	28.793	1.04225
pooled_lfq_on_psm	pooled_cells_all_common	log2_psm	lfq	7.32919	28.8529	1.03227
pooled_lfq_on_psm	pooled_cells_all_common	log2_psm	lfq	7.3869	28.9121	1.02118
pooled_lfq_on_psm	pooled_cells_all_common	log2_psm	lfq	7.44461	28.9707	1.00909
pooled_lfq_on_psm	pooled_cells_all_common	log2_psm	lfq	7.50232	29.0286	0.997065
pooled_lfq_on_psm	pooled_cells_all_common	log2_psm	lfq	7.56003	29.0858	0.985945
pooled_lfq_on_psm	pooled_cells_all_common	log2_psm	lfq	7.61774	29.1424	0.975878
pooled_lfq_on_psm	pooled_cells_all_common	log2_psm	lfq	7.67545	29.1984	0.967244
pooled_lfq_on_psm	pooled_cells_all_common	log2_psm	lfq	7.73316	29.254	0.959948
pooled_lfq_on_psm	pooled_cells_all_common	log2_psm	lfq	7.79087	29.3092	0.953519
pooled_lfq_on_psm	pooled_cells_all_common	log2_psm	lfq	7.84858	29.3641	0.94808
pooled_lfq_on_psm	pooled_cells_all_common	log2_psm	lfq	7.90629	29.4187	0.943646
pooled_lfq_on_psm	pooled_cells_all_common	log2_psm	lfq	7.964	29.473	0.940054
pooled_lfq_on_psm	pooled_cells_all_common	log2_psm	lfq	8.02171	29.5272	0.937181
pooled_lfq_on_psm	pooled_cells_all_common	log2_psm	lfq	8.07942	29.5812	0.935093
pooled_lfq_on_psm	pooled_cells_all_common	log2_psm	lfq	8.13713	29.6351	0.933792
pooled_lfq_on_psm	pooled_cells_all_common	log2_psm	lfq	8.19484	29.6889	0.933049
pooled_lfq_on_psm	pooled_cells_all_common	log2_psm	lfq	8.25255	29.7428	0.932752
pooled_lfq_on_psm	pooled_cells_all_common	log2_psm	lfq	8.31026	29.7966	0.932811
pooled_lfq_on_psm	pooled_cells_all_common	log2_psm	lfq	8.36797	29.8504	0.933137
pooled_lfq_on_psm	pooled_cells_all_common	log2_psm	lfq	8.42568	29.9043	0.933697
pooled_lfq_on_psm	pooled_cells_all_common	log2_psm	lfq	8.48339	29.9582	0.934419
pooled_lfq_on_psm	pooled_cells_all_common	log2_psm	lfq	8.5411	30.0122	0.935247
pooled_lfq_on_psm	pooled_cells_all_common	log2_psm	lfq	8.59881	30.0662	0.936226
pooled_lfq_on_psm	pooled_cells_all_common	log2_psm	lfq	8.65652	30.1202	0.937186
pooled_lfq_on_psm	pooled_cells_all_common	log2_psm	lfq	8.71423	30.1743	0.938108
pooled_lfq_on_psm	pooled_cells_all_common	log2_psm	lfq	8.77194	30.2285	0.939117
pooled_lfq_on_psm	pooled_cells_all_common	log2_psm	lfq	8.82965	30.2827	0.940107
pooled_lfq_on_psm	pooled_cells_all_common	log2_psm	lfq	8.88736	30.337	0.940976
pooled_lfq_on_psm	pooled_cells_all_common	log2_psm	lfq	8.94507	30.3913	0.941765
pooled_lfq_on_psm	pooled_cells_all_common	log2_psm	lfq	9.00278	30.4457	0.942535
pooled_lfq_on_psm	pooled_cells_all_common	log2_psm	lfq	9.06049	30.5001	0.943222
pooled_lfq_on_psm	pooled_cells_all_common	log2_psm	lfq	9.1182	30.5546	0.94375
pooled_lfq_on_psm	pooled_cells_all_common	log2_psm	lfq	9.17591	30.609	0.944183
pooled_lfq_on_psm	pooled_cells_all_common	log2_psm	lfq	9.23362	30.6635	0.944523
pooled_lfq_on_psm	pooled_cells_all_common	log2_psm	lfq	9.29133	30.7181	0.94472
pooled_lfq_on_psm	pooled_cells_all_common	log2_psm	lfq	9.34904	30.7726	0.94481
pooled_lfq_on_psm	pooled_cells_all_common	log2_psm	lfq	9.40675	30.8271	0.944781
pooled_lfq_on_psm	pooled_cells_all_common	log2_psm	lfq	9.46446	30.8816	0.944632
pooled_lfq_on_psm	pooled_cells_all_common	log2_psm	lfq	9.52217	30.9361	0.944383
pooled_lfq_on_psm	pooled_cells_all_common	log2_psm	lfq	9.57988	30.9906	0.944035
pooled_lfq_on_psm	pooled_cells_all_common	log2_psm	lfq	9.63759	31.0451	0.94352
pooled_lfq_on_psm	pooled_cells_all_common	log2_psm	lfq	9.6953	31.0995	0.942967
pooled_lfq_on_psm	pooled_cells_all_common	log2_psm	lfq	9.75301	31.1539	0.942386
pooled_lfq_on_psm	pooled_cells_all_common	log2_psm	lfq	9.81073	31.2083	0.941639
pooled_lfq_on_psm	pooled_cells_all_common	log2_psm	lfq	9.86844	31.2626	0.940814
pooled_lfq_on_psm	pooled_cells_all_common	log2_psm	lfq	9.92615	31.3169	0.939863
pooled_lfq_on_psm	pooled_cells_all_common	log2_psm	lfq	9.98386	31.3711	0.938905
pooled_lfq_on_psm	pooled_cells_all_common	log2_psm	lfq	10.0416	31.4253	0.937903
pooled_lfq_on_psm	pooled_cells_all_common	log2_psm	lfq	10.0993	31.4794	0.936769
pooled_lfq_on_psm	pooled_cells_all_common	log2_psm	lfq	10.157	31.5334	0.935632
pooled_lfq_on_psm	pooled_cells_all_common	log2_psm	lfq	10.2147	31.5874	0.934402
pooled_lfq_on_psm	pooled_cells_all_common	log2_psm	lfq	10.2724	31.6412	0.93313
pooled_lfq_on_psm	pooled_cells_all_common	log2_psm	lfq	10.3301	31.6951	0.931369
pooled_lfq_on_psm	pooled_cells_all_common	log2_psm	lfq	10.3878	31.7487	0.929939
pooled_lfq_on_psm	pooled_cells_all_common	log2_psm	lfq	10.4455	31.8024	0.929633
pooled_lfq_on_psm	pooled_cells_all_common	log2_psm	lfq	10.5032	31.856	0.92828
pooled_lfq_on_psm	pooled_cells_all_common	log2_psm	lfq	10.561	31.9095	0.926342
pooled_lfq_on_psm	pooled_cells_all_common	log2_psm	lfq	10.6187	31.963	0.92499
pooled_lfq_on_psm	pooled_cells_all_common	log2_psm	lfq	10.6764	32.0163	0.92346
pooled_lfq_on_psm	pooled_cells_all_common	log2_psm	lfq	10.7341	32.0695	0.922185
pooled_lfq_on_psm	pooled_cells_all_common	log2_psm	lfq	10.7918	32.1227	0.920193
pooled_lfq_on_psm	pooled_cells_all_common	log2_psm	lfq	10.8495	32.1757	0.918255
pooled_lfq_on_psm	pooled_cells_all_common	log2_psm	lfq	10.9072	32.2287	0.917805
pooled_lfq_on_psm	pooled_cells_all_common	log2_psm	lfq	10.9649	32.2817	0.917805
pooled_lfq_on_psm	pooled_cells_all_common	log2_psm	lfq	11.0226	32.3346	0.915866
pooled_lfq_on_psm	pooled_cells_all_common	log2_psm	lfq	11.0803	32.3874	0.912172
pooled_lfq_on_psm	pooled_cells_all_common	log2_psm	lfq	11.1381	32.4399	0.910418
pooled_lfq_on_psm	pooled_cells_all_common	log2_psm	lfq	11.1958	32.4925	0.910418
pooled_lfq_on_psm	pooled_cells_all_common	log2_psm	lfq	11.2535	32.545	0.910418
pooled_lfq_on_psm	pooled_cells_all_common	log2_psm	lfq	11.3112	32.5976	0.910418
pooled_lfq_on_psm	pooled_cells_all_common	log2_psm	lfq	11.3689	32.6501	0.910418
pooled_lfq_on_psm	pooled_cells_all_common	log2_psm	lfq	11.4266	32.7026	0.908325
pooled_lfq_on_psm	pooled_cells_all_common	log2_psm	lfq	11.4843	32.7549	0.906231
mean_psm	protein_mean_complete8	lfq	log2_psm	19.5232	0.365341	0.383769
mean_psm	protein_mean_complete8	lfq	log2_psm	19.5834	0.388451	0.383769
mean_psm	protein_mean_complete8	lfq	log2_psm	19.6436	0.41156	0.383769
mean_psm	protein_mean_complete8	lfq	log2_psm	19.7038	0.434669	0.383769
mean_psm	protein_mean_complete8	lfq	log2_psm	19.764	0.457779	0.384055
mean_psm	protein_mean_complete8	lfq	log2_psm	19.8242	0.480923	0.38972
mean_psm	protein_mean_complete8	lfq	log2_psm	19.8845	0.504714	0.3951
mean_psm	protein_mean_complete8	lfq	log2_psm	19.9447	0.528506	0.3951
mean_psm	protein_mean_complete8	lfq	log2_psm	20.0049	0.552298	0.3951
mean_psm	protein_mean_complete8	lfq	log2_psm	20.0651	0.576089	0.3951
mean_psm	protein_mean_complete8	lfq	log2_psm	20.1253	0.599881	0.39551
mean_psm	protein_mean_complete8	lfq	log2_psm	20.1855	0.623722	0.399861
mean_psm	protein_mean_complete8	lfq	log2_psm	20.2458	0.648038	0.403802
mean_psm	protein_mean_complete8	lfq	log2_psm	20.306	0.672354	0.405638
mean_psm	protein_mean_complete8	lfq	log2_psm	20.3662	0.696891	0.409435
mean_psm	protein_mean_complete8	lfq	log2_psm	20.4264	0.721663	0.411395
mean_psm	protein_mean_complete8	lfq	log2_psm	20.4866	0.746436	0.411395
mean_psm	protein_mean_complete8	lfq	log2_psm	20.5468	0.771209	0.413499
mean_psm	protein_mean_complete8	lfq	log2_psm	20.6071	0.796236	0.416471
mean_psm	protein_mean_complete8	lfq	log2_psm	20.6673	0.821367	0.418544
mean_psm	protein_mean_complete8	lfq	log2_psm	20.7275	0.846643	0.420233
mean_psm	protein_mean_complete8	lfq	log2_psm	20.7877	0.871977	0.421661
mean_psm	protein_mean_complete8	lfq	log2_psm	20.8479	0.897425	0.423297
mean_psm	protein_mean_complete8	lfq	log2_psm	20.9081	0.922956	0.424589
mean_psm	protein_mean_complete8	lfq	log2_psm	20.9684	0.94856	0.425817
mean_psm	protein_mean_complete8	lfq	log2_psm	21.0286	0.974239	0.427106
mean_psm	protein_mean_complete8	lfq	log2_psm	21.0888	0.999998	0.428529
mean_psm	protein_mean_complete8	lfq	log2_psm	21.149	1.02585	0.430213
mean_psm	protein_mean_complete8	lfq	log2_psm	21.2092	1.05181	0.431972
mean_psm	protein_mean_complete8	lfq	log2_psm	21.2695	1.07787	0.434637
mean_psm	protein_mean_complete8	lfq	log2_psm	21.3297	1.10416	0.438748
mean_psm	protein_mean_complete8	lfq	log2_psm	21.3899	1.13071	0.444922
mean_psm	protein_mean_complete8	lfq	log2_psm	21.4501	1.15774	0.451323
mean_psm	protein_mean_complete8	lfq	log2_psm	21.5103	1.18507	0.458827
mean_psm	protein_mean_complete8	lfq	log2_psm	21.5705	1.213	0.468027
mean_psm	protein_mean_complete8	lfq	log2_psm	21.6308	1.24143	0.475978
mean_psm	protein_mean_complete8	lfq	log2_psm	21.691	1.27032	0.482292
mean_psm	protein_mean_complete8	lfq	log2_psm	21.7512	1.29952	0.486314
mean_psm	protein_mean_complete8	lfq	log2_psm	21.8114	1.32889	0.489725
mean_psm	protein_mean_complete8	lfq	log2_psm	21.8716	1.3585	0.496185
mean_psm	protein_mean_complete8	lfq	log2_psm	21.9318	1.38865	0.507276
mean_psm	protein_mean_complete8	lfq	log2_psm	21.9921	1.41959	0.519512
mean_psm	protein_mean_complete8	lfq	log2_psm	22.0523	1.45121	0.532375
mean_psm	protein_mean_complete8	lfq	log2_psm	22.1125	1.48371	0.549701
mean_psm	protein_mean_complete8	lfq	log2_psm	22.1727	1.51742	0.572215
mean_psm	protein_mean_complete8	lfq	log2_psm	22.2329	1.55262	0.598742
mean_psm	protein_mean_complete8	lfq	log2_psm	22.2931	1.58953	0.627977
mean_psm	protein_mean_complete8	lfq	log2_psm	22.3534	1.62825	0.65241
mean_psm	protein_mean_complete8	lfq	log2_psm	22.4136	1.6681	0.669492
mean_psm	protein_mean_complete8	lfq	log2_psm	22.4738	1.70888	0.687804
mean_psm	protein_mean_complete8	lfq	log2_psm	22.534	1.75093	0.704794
mean_psm	protein_mean_complete8	lfq	log2_psm	22.5942	1.79376	0.711963
mean_psm	protein_mean_complete8	lfq	log2_psm	22.6544	1.83668	0.719103
mean_psm	protein_mean_complete8	lfq	log2_psm	22.7147	1.88037	0.732658
mean_psm	protein_mean_complete8	lfq	log2_psm	22.7749	1.92491	0.738815
mean_psm	protein_mean_complete8	lfq	log2_psm	22.8351	1.96934	0.743068
mean_psm	protein_mean_complete8	lfq	log2_psm	22.8953	2.0144	0.750832
mean_psm	protein_mean_complete8	lfq	log2_psm	22.9555	2.05977	0.754274
mean_psm	protein_mean_complete8	lfq	log2_psm	23.0157	2.10524	0.770464
mean_psm	protein_mean_complete8	lfq	log2_psm	23.076	2.15256	0.807434
mean_psm	protein_mean_complete8	lfq	log2_psm	23.1362	2.20249	0.849036
mean_psm	protein_mean_complete8	lfq	log2_psm	23.1964	2.25481	0.878979
mean_psm	protein_mean_complete8	lfq	log2_psm	23.2566	2.30835	0.883165
mean_psm	protein_mean_complete8	lfq	log2_psm	23.3168	2.36118	0.901515
mean_psm	protein_mean_complete8	lfq	log2_psm	23.377	2.41692	0.941647
mean_psm	protein_mean_complete8	lfq	log2_psm	23.4373	2.47458	0.977344
mean_psm	protein_mean_complete8	lfq	log2_psm	23.4975	2.53462	0.998192
mean_psm	protein_mean_complete8	lfq	log2_psm	23.5577	2.5948	0.990166
mean_psm	protein_mean_complete8	lfq	log2_psm	23.6179	2.65387	0.977069
mean_psm	protein_mean_complete8	lfq	log2_psm	23.6781	2.71247	0.968708
mean_psm	protein_mean_complete8	lfq	log2_psm	23.7383	2.77054	0.945051
mean_psm	protein_mean_complete8	lfq	log2_psm	23.7986	2.82629	0.913314
mean_psm	protein_mean_complete8	lfq	log2_psm	23.8588	2.88053	0.888648
mean_psm	protein_mean_complete8	lfq	log2_psm	23.919	2.93331	0.857182
mean_psm	protein_mean_complete8	lfq	log2_psm	23.9792	2.98377	0.820871
mean_psm	protein_mean_complete8	lfq	log2_psm	24.0394	3.03217	0.801217
mean_psm	protein_mean_complete8	lfq	log2_psm	24.0996	3.08026	0.796792
mean_psm	protein_mean_complete8	lfq	log2_psm	24.1599	3.12813	0.789067
mean_psm	protein_mean_complete8	lfq	log2_psm	24.2201	3.17529	0.779248
mean_psm	protein_mean_complete8	lfq	log2_psm	24.2803	3.22198	0.776524
mean_psm	protein_mean_complete8	lfq	log2_psm	24.3405	3.26881	0.787036
mean_psm	protein_mean_complete8	lfq	log2_psm	24.4007	3.31676	0.807355
mean_psm	protein_mean_complete8	lfq	log2_psm	24.4609	3.36604	0.832027
mean_psm	protein_mean_complete8	lfq	log2_psm	24.5212	3.41697	0.858759
mean_psm	protein_mean_complete8	lfq	log2_psm	24.5814	3.46947	0.876262
mean_psm	protein_mean_complete8	lfq	log2_psm	24.6416	3.5225	0.879571
mean_psm	protein_mean_complete8	lfq	log2_psm	24.7018	3.5754	0.871505
mean_psm	protein_mean_complete8	lfq	log2_psm	24.762	3.62746	0.857696
mean_psm	protein_mean_complete8	lfq	log2_psm	24.8223	3.67869	0.847563
mean_psm	protein_mean_complete8	lfq	log2_psm	24.8825	3.72953	0.840316
mean_psm	protein_mean_complete8	lfq	log2_psm	24.9427	3.7799	0.837463
mean_psm	protein_mean_complete8	lfq	log2_psm	25.0029	3.83039	0.843192
mean_psm	protein_mean_complete8	lfq	log2_psm	25.0631	3.88144	0.854126
mean_psm	protein_mean_complete8	lfq	log2_psm	25.1233	3.93326	0.866009
mean_psm	protein_mean_complete8	lfq	log2_psm	25.1836	3.98574	0.871094
mean_psm	protein_mean_complete8	lfq	log2_psm	25.2438	4.03817	0.867045
mean_psm	protein_mean_complete8	lfq	log2_psm	25.304	4.09016	0.85695
mean_psm	protein_mean_complete8	lfq	log2_psm	25.3642	4.14137	0.842992
mean_psm	protein_mean_complete8	lfq	log2_psm	25.4244	4.19169	0.831057
mean_psm	protein_mean_complete8	lfq	log2_psm	25.4846	4.24146	0.822127
mean_psm	protein_mean_complete8	lfq	log2_psm	25.5449	4.2907	0.810901
mean_psm	protein_mean_complete8	lfq	log2_psm	25.6051	4.33912	0.801316
mean_psm	protein_mean_complete8	lfq	log2_psm	25.6653	4.38721	0.800339
mean_psm	protein_mean_complete8	lfq	log2_psm	25.7255	4.43551	0.80727
mean_psm	protein_mean_complete8	lfq	log2_psm	25.7857	4.48443	0.819486
mean_psm	protein_mean_complete8	lfq	log2_psm	25.8459	4.5342	0.830143
mean_psm	protein_mean_complete8	lfq	log2_psm	25.9062	4.58441	0.83408
mean_psm	protein_mean_complete8	lfq	log2_psm	25.9664	4.63465	0.834889
mean_psm	protein_mean_complete8	lfq	log2_psm	26.0266	4.68495	0.834063
mean_psm	protein_mean_complete8	lfq	log2_psm	26.0868	4.7351	0.830157
mean_psm	protein_mean_complete8	lfq	log2_psm	26.147	4.78493	0.820753
mean_psm	protein_mean_complete8	lfq	log2_psm	26.2072	4.83395	0.801601
mean_psm	protein_mean_complete8	lfq	log2_psm	26.2675	4.88147	0.778226
mean_psm	protein_mean_complete8	lfq	log2_psm	26.3277	4.92768	0.754618
mean_psm	protein_mean_complete8	lfq	log2_psm	26.3879	4.97236	0.730701
mean_psm	protein_mean_complete8	lfq	log2_psm	26.4481	5.01568	0.709524
mean_psm	protein_mean_complete8	lfq	log2_psm	26.5083	5.05781	0.698227
mean_psm	protein_mean_complete8	lfq	log2_psm	26.5685	5.09977	0.701624
mean_psm	protein_mean_complete8	lfq	log2_psm	26.6288	5.14231	0.702219
mean_psm	protein_mean_complete8	lfq	log2_psm	26.689	5.18434	0.688381
mean_psm	protein_mean_complete8	lfq	log2_psm	26.7492	5.22521	0.682559
mean_psm	protein_mean_complete8	lfq	log2_psm	26.8094	5.26654	0.672508
mean_psm	protein_mean_complete8	lfq	log2_psm	26.8696	5.3062	0.654924
mean_psm	protein_mean_complete8	lfq	log2_psm	26.9298	5.34542	0.651148
mean_psm	protein_mean_complete8	lfq	log2_psm	26.9901	5.38462	0.654652
mean_psm	protein_mean_complete8	lfq	log2_psm	27.0503	5.42426	0.65146
mean_psm	protein_mean_complete8	lfq	log2_psm	27.1105	5.46308	0.641189
mean_psm	protein_mean_complete8	lfq	log2_psm	27.1707	5.50148	0.641497
mean_psm	protein_mean_complete8	lfq	log2_psm	27.2309	5.54034	0.650149
mean_psm	protein_mean_complete8	lfq	log2_psm	27.2911	5.57978	0.660401
mean_psm	protein_mean_complete8	lfq	log2_psm	27.3514	5.61987	0.669427
mean_psm	protein_mean_complete8	lfq	log2_psm	27.4116	5.6604	0.677299
mean_psm	protein_mean_complete8	lfq	log2_psm	27.4718	5.70144	0.688037
mean_psm	protein_mean_complete8	lfq	log2_psm	27.532	5.74326	0.701612
mean_psm	protein_mean_complete8	lfq	log2_psm	27.5922	5.78594	0.715237
mean_psm	protein_mean_complete8	lfq	log2_psm	27.6524	5.8294	0.723464
mean_psm	protein_mean_complete8	lfq	log2_psm	27.7127	5.87307	0.730999
mean_psm	protein_mean_complete8	lfq	log2_psm	27.7729	5.91744	0.740069
mean_psm	protein_mean_complete8	lfq	log2_psm	27.8331	5.9622	0.74585
mean_psm	protein_mean_complete8	lfq	log2_psm	27.8933	6.00727	0.750261
mean_psm	protein_mean_complete8	lfq	log2_psm	27.9535	6.05256	0.75559
mean_psm	protein_mean_complete8	lfq	log2_psm	28.0137	6.09826	0.759754
mean_psm	protein_mean_complete8	lfq	log2_psm	28.074	6.14406	0.763195
mean_psm	protein_mean_complete8	lfq	log2_psm	28.1342	6.19018	0.765567
mean_psm	protein_mean_complete8	lfq	log2_psm	28.1944	6.23626	0.766986
mean_psm	protein_mean_complete8	lfq	log2_psm	28.2546	6.28255	0.76845
mean_psm	protein_mean_complete8	lfq	log2_psm	28.3148	6.3288	0.771706
mean_psm	protein_mean_complete8	lfq	log2_psm	28.3751	6.37549	0.781072
mean_psm	protein_mean_complete8	lfq	log2_psm	28.4353	6.42287	0.783243
mean_psm	protein_mean_complete8	lfq	log2_psm	28.4955	6.46982	0.787671
mean_psm	protein_mean_complete8	lfq	log2_psm	28.5557	6.51773	0.802155
mean_psm	protein_mean_complete8	lfq	log2_psm	28.6159	6.56642	0.815758
mean_psm	protein_mean_complete8	lfq	log2_psm	28.6761	6.61598	0.831372
mean_psm	protein_mean_complete8	lfq	log2_psm	28.7364	6.66655	0.847239
mean_psm	protein_mean_complete8	lfq	log2_psm	28.7966	6.71802	0.860606
mean_psm	protein_mean_complete8	lfq	log2_psm	28.8568	6.7702	0.870974
mean_psm	protein_mean_complete8	lfq	log2_psm	28.917	6.82291	0.878507
mean_psm	protein_mean_complete8	lfq	log2_psm	28.9772	6.876	0.883266
mean_psm	protein_mean_complete8	lfq	log2_psm	29.0374	6.92929	0.88588
mean_psm	protein_mean_complete8	lfq	log2_psm	29.0977	6.98269	0.887316
mean_psm	protein_mean_complete8	lfq	log2_psm	29.1579	7.03615	0.887783
mean_psm	protein_mean_complete8	lfq	log2_psm	29.2181	7.08961	0.887553
mean_psm	protein_mean_complete8	lfq	log2_psm	29.2783	7.14304	0.886762
mean_psm	protein_mean_complete8	lfq	log2_psm	29.3385	7.1964	0.885855
mean_psm	protein_mean_complete8	lfq	log2_psm	29.3987	7.24973	0.885177
mean_psm	protein_mean_complete8	lfq	log2_psm	29.459	7.30301	0.884209
mean_psm	protein_mean_complete8	lfq	log2_psm	29.5192	7.35622	0.883106
mean_psm	protein_mean_complete8	lfq	log2_psm	29.5794	7.40936	0.882373
mean_psm	protein_mean_complete8	lfq	log2_psm	29.6396	7.46248	0.881857
mean_psm	protein_mean_complete8	lfq	log2_psm	29.6998	7.51557	0.881187
mean_psm	protein_mean_complete8	lfq	log2_psm	29.76	7.56861	0.880504
mean_psm	protein_mean_complete8	lfq	log2_psm	29.8203	7.62161	0.880125
mean_psm	protein_mean_complete8	lfq	log2_psm	29.8805	7.6746	0.879886
mean_psm	protein_mean_complete8	lfq	log2_psm	29.9407	7.72758	0.879688
mean_psm	protein_mean_complete8	lfq	log2_psm	30.0009	7.78055	0.879601
mean_psm	protein_mean_complete8	lfq	log2_psm	30.0611	7.83351	0.879611
mean_psm	protein_mean_complete8	lfq	log2_psm	30.1213	7.88648	0.879875
mean_psm	protein_mean_complete8	lfq	log2_psm	30.1816	7.93948	0.880182
mean_psm	protein_mean_complete8	lfq	log2_psm	30.2418	7.99249	0.880257
mean_psm	protein_mean_complete8	lfq	log2_psm	30.302	8.04549	0.880257
mean_psm	protein_mean_complete8	lfq	log2_psm	30.3622	8.0985	0.880823
mean_psm	protein_mean_complete8	lfq	log2_psm	30.4224	8.15158	0.881637
mean_psm	protein_mean_complete8	lfq	log2_psm	30.4826	8.20468	0.881884
mean_psm	protein_mean_complete8	lfq	log2_psm	30.5429	8.25778	0.88217
mean_psm	protein_mean_complete8	lfq	log2_psm	30.6031	8.31092	0.883069
mean_psm	protein_mean_complete8	lfq	log2_psm	30.6633	8.36414	0.883944
mean_psm	protein_mean_complete8	lfq	log2_psm	30.7235	8.41738	0.884767
mean_psm	protein_mean_complete8	lfq	log2_psm	30.7837	8.47069	0.885566
mean_psm	protein_mean_complete8	lfq	log2_psm	30.8439	8.52403	0.887057
mean_psm	protein_mean_complete8	lfq	log2_psm	30.9042	8.57752	0.888646
mean_psm	protein_mean_complete8	lfq	log2_psm	30.9644	8.63105	0.888982
mean_psm	protein_mean_complete8	lfq	log2_psm	31.0246	8.68459	0.888982
mean_psm	protein_mean_complete8	lfq	log2_psm	31.0848	8.73812	0.889204
mean_psm	protein_mean_complete8	lfq	log2_psm	31.145	8.79168	0.890911
mean_psm	protein_mean_complete8	lfq	log2_psm	31.2052	8.84541	0.893418
mean_psm	protein_mean_complete8	lfq	log2_psm	31.2655	8.89927	0.895379
mean_psm	protein_mean_complete8	lfq	log2_psm	31.3257	8.95325	0.896317
mean_psm	protein_mean_complete8	lfq	log2_psm	31.3859	9.00722	0.896317
mean_psm	protein_mean_complete8	lfq	log2_psm	31.4461	9.0612	0.896317
mean_psm	protein_mean_complete8	lfq	log2_psm	31.5063	9.11517	0.896317
mean_nsaf	protein_mean_complete8	lfq	log2_nsaf	19.5232	-14.511	0.0402771
mean_nsaf	protein_mean_complete8	lfq	log2_nsaf	19.5834	-14.5085	0.0402771
mean_nsaf	protein_mean_complete8	lfq	log2_nsaf	19.6436	-14.5061	0.0402771
mean_nsaf	protein_mean_complete8	lfq	log2_nsaf	19.7038	-14.5037	0.0402771
mean_nsaf	protein_mean_complete8	lfq	log2_nsaf	19.764	-14.5013	0.0404542
mean_nsaf	protein_mean_complete8	lfq	log2_nsaf	19.8242	-14.4988	0.0439623
mean_nsaf	protein_mean_complete8	lfq	log2_nsaf	19.8845	-14.496	0.0472933
mean_nsaf	protein_mean_complete8	lfq	log2_nsaf	19.9447	-14.4931	0.0472933
mean_nsaf	protein_mean_complete8	lfq	log2_nsaf	20.0049	-14.4903	0.0472933
mean_nsaf	protein_mean_complete8	lfq	log2_nsaf	20.0651	-14.4874	0.0472933
mean_nsaf	protein_mean_complete8	lfq	log2_nsaf	20.1253	-14.4846	0.047958
mean_nsaf	protein_mean_complete8	lfq	log2_nsaf	20.1855	-14.4817	0.0550071
mean_nsaf	protein_mean_complete8	lfq	log2_nsaf	20.2458	-14.478	0.0613914
mean_nsaf	protein_mean_complete8	lfq	log2_nsaf	20.306	-14.4743	0.0656906
mean_nsaf	protein_mean_complete8	lfq	log2_nsaf	20.3662	-14.4701	0.0750676
mean_nsaf	protein_mean_complete8	lfq	log2_nsaf	20.4264	-14.4652	0.0801455
mean_nsaf	protein_mean_complete8	lfq	log2_nsaf	20.4866	-14.4604	0.0801455
mean_nsaf	protein_mean_complete8	lfq	log2_nsaf	20.5468	-14.4556	0.0862916
mean_nsaf	protein_mean_complete8	lfq	log2_nsaf	20.6071	-14.45	0.0951946
mean_nsaf	protein_mean_complete8	lfq	log2_nsaf	20.6673	-14.4441	0.102154
mean_nsaf	protein_mean_complete8	lfq	log2_nsaf	20.7275	-14.4377	0.108187
mean_nsaf	protein_mean_complete8	lfq	log2_nsaf	20.7877	-14.4311	0.113778
mean_nsaf	protein_mean_complete8	lfq	log2_nsaf	20.8479	-14.424	0.120418
mean_nsaf	protein_mean_complete8	lfq	log2_nsaf	20.9081	-14.4166	0.125608
mean_nsaf	protein_mean_complete8	lfq	log2_nsaf	20.9684	-14.4089	0.129898
mean_nsaf	protein_mean_complete8	lfq	log2_nsaf	21.0286	-14.4009	0.133217
mean_nsaf	protein_mean_complete8	lfq	log2_nsaf	21.0888	-14.3928	0.135029
mean_nsaf	protein_mean_complete8	lfq	log2_nsaf	21.149	-14.3847	0.13478
mean_nsaf	protein_mean_complete8	lfq	log2_nsaf	21.2092	-14.3766	0.133008
mean_nsaf	protein_mean_complete8	lfq	log2_nsaf	21.2695	-14.3687	0.128985
mean_nsaf	protein_mean_complete8	lfq	log2_nsaf	21.3297	-14.3611	0.122135
mean_nsaf	protein_mean_complete8	lfq	log2_nsaf	21.3899	-14.3539	0.112219
mean_nsaf	protein_mean_complete8	lfq	log2_nsaf	21.4501	-14.3475	0.10276
mean_nsaf	protein_mean_complete8	lfq	log2_nsaf	21.5103	-14.3416	0.0933137
mean_nsaf	protein_mean_complete8	lfq	log2_nsaf	21.5705	-14.3363	0.0845542
mean_nsaf	protein_mean_complete8	lfq	log2_nsaf	21.6308	-14.3314	0.0815876
mean_nsaf	protein_mean_complete8	lfq	log2_nsaf	21.691	-14.3265	0.0842183
mean_nsaf	protein_mean_complete8	lfq	log2_nsaf	21.7512	-14.3212	0.0944255
mean_nsaf	protein_mean_complete8	lfq	log2_nsaf	21.8114	-14.3151	0.111374
mean_nsaf	protein_mean_complete8	lfq	log2_nsaf	21.8716	-14.3078	0.134065
mean_nsaf	protein_mean_complete8	lfq	log2_nsaf	21.9318	-14.299	0.161493
mean_nsaf	protein_mean_complete8	lfq	log2_nsaf	21.9921	-14.2884	0.187394
mean_nsaf	protein_mean_complete8	lfq	log2_nsaf	22.0523	-14.2764	0.217103
mean_nsaf	protein_mean_complete8	lfq	log2_nsaf	22.1125	-14.2622	0.263932
mean_nsaf	protein_mean_complete8	lfq	log2_nsaf	22.1727	-14.2446	0.32679
mean_nsaf	protein_mean_complete8	lfq	log2_nsaf	22.2329	-14.2229	0.392967
mean_nsaf	protein_mean_complete8	lfq	log2_nsaf	22.2931	-14.1973	0.455262
mean_nsaf	protein_mean_complete8	lfq	log2_nsaf	22.3534	-14.168	0.500273
mean_nsaf	protein_mean_complete8	lfq	log2_nsaf	22.4136	-14.137	0.52546
mean_nsaf	protein_mean_complete8	lfq	log2_nsaf	22.4738	-14.1048	0.558853
mean_nsaf	protein_mean_complete8	lfq	log2_nsaf	22.534	-14.0697	0.596706
mean_nsaf	protein_mean_complete8	lfq	log2_nsaf	22.5942	-14.0329	0.627301
mean_nsaf	protein_mean_complete8	lfq	log2_nsaf	22.6544	-13.9942	0.666222
mean_nsaf	protein_mean_complete8	lfq	log2_nsaf	22.7147	-13.9527	0.701766
mean_nsaf	protein_mean_complete8	lfq	log2_nsaf	22.7749	-13.9097	0.713586
mean_nsaf	protein_mean_complete8	lfq	log2_nsaf	22.8351	-13.8667	0.704343
mean_nsaf	protein_mean_complete8	lfq	log2_nsaf	22.8953	-13.8248	0.691001
mean_nsaf	protein_mean_complete8	lfq	log2_nsaf	22.9555	-13.7835	0.681813
mean_nsaf	protein_mean_complete8	lfq	log2_nsaf	23.0157	-13.7427	0.679323
mean_nsaf	protein_mean_complete8	lfq	log2_nsaf	23.076	-13.7017	0.691516
mean_nsaf	protein_mean_complete8	lfq	log2_nsaf	23.1362	-13.6594	0.706811
mean_nsaf	protein_mean_complete8	lfq	log2_nsaf	23.1964	-13.6166	0.709594
mean_nsaf	protein_mean_complete8	lfq	log2_nsaf	23.2566	-13.574	0.699721
mean_nsaf	protein_mean_complete8	lfq	log2_nsaf	23.3168	-13.5323	0.678782
mean_nsaf	protein_mean_complete8	lfq	log2_nsaf	23.377	-13.4922	0.670063
mean_nsaf	protein_mean_complete8	lfq	log2_nsaf	23.4373	-13.4516	0.688577
mean_nsaf	protein_mean_complete8	lfq	log2_nsaf	23.4975	-13.4093	0.71874
mean_nsaf	protein_mean_complete8	lfq	log2_nsaf	23.5577	-13.365	0.745234
mean_nsaf	protein_mean_complete8	lfq	log2_nsaf	23.6179	-13.3196	0.755784
mean_nsaf	protein_mean_complete8	lfq	log2_nsaf	23.6781	-13.274	0.751492
mean_nsaf	protein_mean_complete8	lfq	log2_nsaf	23.7383	-13.2291	0.732257
mean_nsaf	protein_mean_complete8	lfq	log2_nsaf	23.7986	-13.1858	0.703379
mean_nsaf	protein_mean_complete8	lfq	log2_nsaf	23.8588	-13.1443	0.676965
mean_nsaf	protein_mean_complete8	lfq	log2_nsaf	23.919	-13.1043	0.66314
mean_nsaf	protein_mean_complete8	lfq	log2_nsaf	23.9792	-13.0645	0.673104
mean_nsaf	protein_mean_complete8	lfq	log2_nsaf	24.0394	-13.0232	0.703838
mean_nsaf	protein_mean_complete8	lfq	log2_nsaf	24.0996	-12.9797	0.734216
mean_nsaf	protein_mean_complete8	lfq	log2_nsaf	24.1599	-12.9348	0.749178
mean_nsaf	protein_mean_complete8	lfq	log2_nsaf	24.2201	-12.8895	0.756494
mean_nsaf	protein_mean_complete8	lfq	log2_nsaf	24.2803	-12.8437	0.747277
mean_nsaf	protein_mean_complete8	lfq	log2_nsaf	24.3405	-12.7995	0.6927
mean_nsaf	protein_mean_complete8	lfq	log2_nsaf	24.4007	-12.7603	0.648953
mean_nsaf	protein_mean_complete8	lfq	log2_nsaf	24.4609	-12.7213	0.642092
mean_nsaf	protein_mean_complete8	lfq	log2_nsaf	24.5212	-12.6829	0.644476
mean_nsaf	protein_mean_complete8	lfq	log2_nsaf	24.5814	-12.6437	0.67201
mean_nsaf	protein_mean_complete8	lfq	log2_nsaf	24.6416	-12.602	0.710125
mean_nsaf	protein_mean_complete8	lfq	log2_nsaf	24.7018	-12.5582	0.736147
mean_nsaf	protein_mean_complete8	lfq	log2_nsaf	24.762	-12.5134	0.746296
mean_nsaf	protein_mean_complete8	lfq	log2_nsaf	24.8223	-12.4683	0.748331
mean_nsaf	protein_mean_complete8	lfq	log2_nsaf	24.8825	-12.4232	0.743094
mean_nsaf	protein_mean_complete8	lfq	log2_nsaf	24.9427	-12.3788	0.73607
mean_nsaf	protein_mean_complete8	lfq	log2_nsaf	25.0029	-12.3346	0.727381
mean_nsaf	protein_mean_complete8	lfq	log2_nsaf	25.0631	-12.2912	0.723886
mean_nsaf	protein_mean_complete8	lfq	log2_nsaf	25.1233	-12.2474	0.721389
mean_nsaf	protein_mean_complete8	lfq	log2_nsaf	25.1836	-12.2043	0.712881
mean_nsaf	protein_mean_complete8	lfq	log2_nsaf	25.2438	-12.1615	0.715779
mean_nsaf	protein_mean_complete8	lfq	log2_nsaf	25.304	-12.1181	0.728653
mean_nsaf	protein_mean_complete8	lfq	log2_nsaf	25.3642	-12.0738	0.74699
mean_nsaf	protein_mean_complete8	lfq	log2_nsaf	25.4244	-12.0282	0.769315
mean_nsaf	protein_mean_complete8	lfq	log2_nsaf	25.4846	-11.9811	0.792867
mean_nsaf	protein_mean_complete8	lfq	log2_nsaf	25.5449	-11.9327	0.825782
mean_nsaf	protein_mean_complete8	lfq	log2_nsaf	25.6051	-11.8817	0.870179
mean_nsaf	protein_mean_complete8	lfq	log2_nsaf	25.6653	-11.8279	0.898356
mean_nsaf	protein_mean_complete8	lfq	log2_nsaf	25.7255	-11.7735	0.907031
mean_nsaf	protein_mean_complete8	lfq	log2_nsaf	25.7857	-11.7186	0.913134
mean_nsaf	protein_mean_complete8	lfq	log2_nsaf	25.8459	-11.6635	0.912261
mean_nsaf	protein_mean_complete8	lfq	log2_nsaf	25.9062	-11.6088	0.898612
mean_nsaf	protein_mean_complete8	lfq	log2_nsaf	25.9664	-11.5553	0.884365
mean_nsaf	protein_mean_complete8	lfq	log2_nsaf	26.0266	-11.5023	0.877054
mean_nsaf	protein_mean_complete8	lfq	log2_nsaf	26.0868	-11.4497	0.870221
mean_nsaf	protein_mean_complete8	lfq	log2_nsaf	26.147	-11.3975	0.86235
mean_nsaf	protein_mean_complete8	lfq	log2_nsaf	26.2072	-11.3458	0.850616
mean_nsaf	protein_mean_complete8	lfq	log2_nsaf	26.2675	-11.295	0.836337
mean_nsaf	protein_mean_complete8	lfq	log2_nsaf	26.3277	-11.2451	0.812472
mean_nsaf	protein_mean_complete8	lfq	log2_nsaf	26.3879	-11.1972	0.779529
mean_nsaf	protein_mean_complete8	lfq	log2_nsaf	26.4481	-11.1512	0.753074
mean_nsaf	protein_mean_complete8	lfq	log2_nsaf	26.5083	-11.1065	0.746539
mean_nsaf	protein_mean_complete8	lfq	log2_nsaf	26.5685	-11.0613	0.759166
mean_nsaf	protein_mean_complete8	lfq	log2_nsaf	26.6288	-11.015	0.754108
mean_nsaf	protein_mean_complete8	lfq	log2_nsaf	26.689	-10.9705	0.703029
mean_nsaf	protein_mean_complete8	lfq	log2_nsaf	26.7492	-10.9304	0.66805
mean_nsaf	protein_mean_complete8	lfq	log2_nsaf	26.8094	-10.89	0.63457
mean_nsaf	protein_mean_complete8	lfq	log2_nsaf	26.8696	-10.854	0.596318
mean_nsaf	protein_mean_complete8	lfq	log2_nsaf	26.9298	-10.8182	0.596521
mean_nsaf	protein_mean_complete8	lfq	log2_nsaf	26.9901	-10.7821	0.606662
mean_nsaf	protein_mean_complete8	lfq	log2_nsaf	27.0503	-10.7451	0.60115
mean_nsaf	protein_mean_complete8	lfq	log2_nsaf	27.1105	-10.7097	0.583838
mean_nsaf	protein_mean_complete8	lfq	log2_nsaf	27.1707	-10.6748	0.586547
mean_nsaf	protein_mean_complete8	lfq	log2_nsaf	27.2309	-10.6391	0.601955
mean_nsaf	protein_mean_complete8	lfq	log2_nsaf	27.2911	-10.6023	0.615816
mean_nsaf	protein_mean_complete8	lfq	log2_nsaf	27.3514	-10.5649	0.621948
mean_nsaf	protein_mean_complete8	lfq	log2_nsaf	27.4116	-10.5274	0.621439
mean_nsaf	protein_mean_complete8	lfq	log2_nsaf	27.4718	-10.4901	0.617669
mean_nsaf	protein_mean_complete8	lfq	log2_nsaf	27.532	-10.453	0.60819
mean_nsaf	protein_mean_complete8	lfq	log2_nsaf	27.5922	-10.4168	0.590722
mean_nsaf	protein_mean_complete8	lfq	log2_nsaf	27.6524	-10.3819	0.573599
mean_nsaf	protein_mean_complete8	lfq	log2_nsaf	27.7127	-10.3477	0.560932
mean_nsaf	protein_mean_complete8	lfq	log2_nsaf	27.7729	-10.3143	0.551944
mean_nsaf	protein_mean_complete8	lfq	log2_nsaf	27.8331	-10.2813	0.547992
mean_nsaf	protein_mean_complete8	lfq	log2_nsaf	27.8933	-10.2484	0.545949
mean_nsaf	protein_mean_complete8	lfq	log2_nsaf	27.9535	-10.2155	0.54421
mean_nsaf	protein_mean_complete8	lfq	log2_nsaf	28.0137	-10.1828	0.543089
mean_nsaf	protein_mean_complete8	lfq	log2_nsaf	28.074	-10.1501	0.543447
mean_nsaf	protein_mean_complete8	lfq	log2_nsaf	28.1342	-10.1174	0.545693
mean_nsaf	protein_mean_complete8	lfq	log2_nsaf	28.1944	-10.0844	0.549312
mean_nsaf	protein_mean_complete8	lfq	log2_nsaf	28.2546	-10.0512	0.551682
mean_nsaf	protein_mean_complete8	lfq	log2_nsaf	28.3148	-10.018	0.553788
mean_nsaf	protein_mean_complete8	lfq	log2_nsaf	28.3751	-9.98451	0.558239
mean_nsaf	protein_mean_complete8	lfq	log2_nsaf	28.4353	-9.95072	0.561059
mean_nsaf	protein_mean_complete8	lfq	log2_nsaf	28.4955	-9.91694	0.566799
mean_nsaf	protein_mean_complete8	lfq	log2_nsaf	28.5557	-9.88246	0.582351
mean_nsaf	protein_mean_complete8	lfq	log2_nsaf	28.6159	-9.84681	0.60366
mean_nsaf	protein_mean_complete8	lfq	log2_nsaf	28.6761	-9.80976	0.628881
mean_nsaf	protein_mean_complete8	lfq	log2_nsaf	28.7364	-9.77107	0.654659
mean_nsaf	protein_mean_complete8	lfq	log2_nsaf	28.7966	-9.73091	0.676655
mean_nsaf	protein_mean_complete8	lfq	log2_nsaf	28.8568	-9.68958	0.693925
mean_nsaf	protein_mean_complete8	lfq	log2_nsaf	28.917	-9.64734	0.706654
mean_nsaf	protein_mean_complete8	lfq	log2_nsaf	28.9772	-9.60447	0.714797
mean_nsaf	protein_mean_complete8	lfq	log2_nsaf	29.0374	-9.56126	0.719304
mean_nsaf	protein_mean_complete8	lfq	log2_nsaf	29.0977	-9.51784	0.721749
mean_nsaf	protein_mean_complete8	lfq	log2_nsaf	29.1579	-9.47433	0.722406
mean_nsaf	protein_mean_complete8	lfq	log2_nsaf	29.2181	-9.43084	0.721722
mean_nsaf	protein_mean_complete8	lfq	log2_nsaf	29.2783	-9.38741	0.71981
mean_nsaf	protein_mean_complete8	lfq	log2_nsaf	29.3385	-9.34415	0.717651
mean_nsaf	protein_mean_complete8	lfq	log2_nsaf	29.3987	-9.30098	0.716012
mean_nsaf	protein_mean_complete8	lfq	log2_nsaf	29.459	-9.25792	0.713604
mean_nsaf	protein_mean_complete8	lfq	log2_nsaf	29.5192	-9.21504	0.710736
mean_nsaf	protein_mean_complete8	lfq	log2_nsaf	29.5794	-9.17232	0.70873
mean_nsaf	protein_mean_complete8	lfq	log2_nsaf	29.6396	-9.12969	0.707247
mean_nsaf	protein_mean_complete8	lfq	log2_nsaf	29.6998	-9.08715	0.705141
mean_nsaf	protein_mean_complete8	lfq	log2_nsaf	29.76	-9.04476	0.702748
mean_nsaf	protein_mean_complete8	lfq	log2_nsaf	29.8203	-9.00251	0.701132
mean_nsaf	protein_mean_complete8	lfq	log2_nsaf	29.8805	-8.96032	0.699896
mean_nsaf	protein_mean_complete8	lfq	log2_nsaf	29.9407	-8.91822	0.698527
mean_nsaf	protein_mean_complete8	lfq	log2_nsaf	30.0009	-8.8762	0.697399
mean_nsaf	protein_mean_complete8	lfq	log2_nsaf	30.0611	-8.83423	0.696405
mean_nsaf	protein_mean_complete8	lfq	log2_nsaf	30.1213	-8.79233	0.695318
mean_nsaf	protein_mean_complete8	lfq	log2_nsaf	30.1816	-8.75049	0.694656
mean_nsaf	protein_mean_complete8	lfq	log2_nsaf	30.2418	-8.70867	0.694523
mean_nsaf	protein_mean_complete8	lfq	log2_nsaf	30.302	-8.66684	0.694523
mean_nsaf	protein_mean_complete8	lfq	log2_nsaf	30.3622	-8.62502	0.694525
mean_nsaf	protein_mean_complete8	lfq	log2_nsaf	30.4224	-8.5832	0.694537
mean_nsaf	protein_mean_complete8	lfq	log2_nsaf	30.4826	-8.54138	0.694547
mean_nsaf	protein_mean_complete8	lfq	log2_nsaf	30.5429	-8.49955	0.694714
mean_nsaf	protein_mean_complete8	lfq	log2_nsaf	30.6031	-8.45771	0.69531
mean_nsaf	protein_mean_complete8	lfq	log2_nsaf	30.6633	-8.41581	0.695972
mean_nsaf	protein_mean_complete8	lfq	log2_nsaf	30.7235	-8.37389	0.696803
mean_nsaf	protein_mean_complete8	lfq	log2_nsaf	30.7837	-8.3319	0.697683
mean_nsaf	protein_mean_complete8	lfq	log2_nsaf	30.8439	-8.28987	0.699622
mean_nsaf	protein_mean_complete8	lfq	log2_nsaf	30.9042	-8.24764	0.701733
mean_nsaf	protein_mean_complete8	lfq	log2_nsaf	30.9644	-8.20535	0.702188
mean_nsaf	protein_mean_complete8	lfq	log2_nsaf	31.0246	-8.16307	0.702188
mean_nsaf	protein_mean_complete8	lfq	log2_nsaf	31.0848	-8.12079	0.702506
mean_nsaf	protein_mean_complete8	lfq	log2_nsaf	31.145	-8.07846	0.70497
mean_nsaf	protein_mean_complete8	lfq	log2_nsaf	31.2052	-8.03588	0.708647
mean_nsaf	protein_mean_complete8	lfq	log2_nsaf	31.2655	-7.99312	0.711587
mean_nsaf	protein_mean_complete8	lfq	log2_nsaf	31.3257	-7.95019	0.712996
mean_nsaf	protein_mean_complete8	lfq	log2_nsaf	31.3859	-7.90725	0.712996
mean_nsaf	protein_mean_complete8	lfq	log2_nsaf	31.4461	-7.86432	0.712996
mean_nsaf	protein_mean_complete8	lfq	log2_nsaf	31.5063	-7.82138	0.712996
